"TITOLO","EPISODIO","DATA","TIPO","LIKE","COMMENTI","CONDIVISIONI","VISUALIZZAZIONI (per i video)","ASHTAG"
"Serie 1",,01/09/15,"FOTO",2100,74,103,,"#TGIT #HowDoYouTGIT"
"Serie 1",,01/09/15,"FOTO",156000,3289,6426,,"#GreysAnatomy"
"Serie 1",,02/09/15,"VIDEO",39000,929,2790,,"#TGIT #GreysAnatomy"
"Serie 1",,03/09/15,"FOTO",162000,4548,5862,,"#TGIT #GreysAnatomy"
"Serie 1",,04/09/15,"FOTO",78000,819,1075,,"#TGIT #GreysAnatomy"
"Serie 1",,05/09/15,"FOTO",12000,384,795,,"#TGIT #GreysAnatomy"
"Serie 1",,06/09/15,"FOTO",61000,280,372,,"#TGIT #GreysAnatomy"
"Serie 1",,07/09/15,"FOTO",37000,647,2663,,"#TGIT"
"Serie 1",,07/09/15,"FOTO",77000,954,1586,,"#GreysAnatomy"
"Serie 1",,08/09/15,"VIDEO",7300,136,266,262000,"#TGIT #GreysAnatomy"
"Serie 1",,09/09/15,"FOTO",77000,935,1171,,"#GreysAnatomy"
"Serie 1",,09/09/15,"VIDEO",22000,458,1870,680000,"#TGIT #HowDoYouTGIT #GreysAnatomy"
"Serie 1",,10/09/15,"FOTO",129000,4543,15303,,"#TGIT #GreysAnatomy"
"Serie 1",,10/09/15,"FOTO",64000,338,637,,"#GreysAnatomy"
"Serie 1",,11/09/15,"VIDEO",7000,261,464,331000,"#TGIT #HowDoYouTGIT"
"Serie 1",,12/09/15,"FOTO",13000,119,462,,"#TGIT #HowDoYouTGIT"
"Serie 1",,15/09/15,"FOTO",35000,313,444,,"#HowDoYouTGIT #GreysAnatomy"
"Serie 1",,16/09/15,"FOTO",157000,1560,3672,,"#GreysAnatomy #GreysAnatomy250"
"Serie 1",,16/09/15,"FOTO",59000,1700,3790,,"#TGIT #GreysAnatomy"
"Serie 1",,17/09/15,"FOTO",101000,739,1125,,"#HowDoYouTGIT #GreysAnatomy"
"Serie 1",,17/09/15,"VIDEO",130000,11244,36462,3900000,"#TGIT #GreysAnatomy"
"Serie 1",,17/09/15,"LINK",7500,42,78,," #GreysAnatomy #TGIT"
"Serie 1",,17/09/15,"FOTO",91000,1822,7121,," #GreysAnatomy #TGIT"
"Serie 1",,17/09/15,"LINK",14000,180,191,,"#GreysAnatomy"
"Serie 1",,17/09/15,"VIDEO",6800,363,719,,"#TGIT #GreysAnatomy"
"Serie 1",,18/09/15,"TESTO",37000,557,7053,,"#MeredithMotivation #GreysAnatomy"
"Serie 1",,18/09/15,"FOTO",2900,78,220,,"#TGIT #GreysAnatomy"
"Serie 1",,18/09/15,"TESTO",43000,798,5681,,"#MeredithMotivation #GreysAnatomy"
"Serie 1",,19/09/15,"VIDEO",21000,434,796,451000,"#TGIT #GreysAnatomy"
"Serie 1",,19/09/15,"TESTO",24000,281,3087,,"#MeredithMotivation #GreysAnatomy #TGIT"
"Serie 1",,20/09/15,"TESTO",32000,476,5860,,"#MeredithMotivation #GreysAnatomy"
"Serie 1",,20/09/15,"FOTO",4400,36,173,,"#GreysAnatomy #TGIT"
"Serie 1",,20/09/15,"LINK",9100,527,901,," #GreysAnatomy #TGIT"
"Serie 1",,21/09/15,"FOTO",51000,357,201,,"#GreysAnatomy"
"Serie 1",,21/09/15,"TESTO",28000,331,3474,,"#MeredithMotivation #GreysAnatomy"
"Serie 1",,22/09/15,"VIDEO",13000,183,852,251000,"#TGIT #GreysAnatomy #Scandal #HTGAWM"
"Serie 1",,22/09/15,"FOTO",106000,3033,16294,,"#GreysAnatomy"
"Serie 1",,22/09/15,"TESTO",50000,762,8637,,"#MeredithMotivation #GreysAnatomy"
"Serie 1",,22/09/15,"FOTO",117000,1261,2905,,"#GreysAnatomy"
"Serie 1",,23/09/15,"VIDEO",19000,430,1799,394000,"#GreysAnatomy"
"Serie 1",,23/09/15,"LINK",16000,336,768,,"#GreysAnatomy"
"Serie 1",,23/09/15,"FOTO",42000,804,4384,,"#GreysAnatomy"
"Serie 1",,23/09/15,"LINK",16000,388,891,,"#GreysAnatomy"
"Serie 1","1x12",24/09/15,"FOTO",4300,85,123,,"#TGIT #GreysAnatomy"
"Serie 1",,24/09/15,"VIDEO",14000,507,949,610000,"#TGIT #GreysAnatomy"
"Serie 1",,24/09/15,"VIDEO",73000,2501,14234,1300000,"#TGIT #GreysAnatomy"
"Serie 1",,24/09/15,"FOTO",52000,1355,9638,,"#TGIT #GreysAnatomy"
"Serie 1",,24/09/15,"TESTO",14000,232,708,,"#TGIT #GreysAnatomy"
"Serie 1",,25/09/15,"VIDEO",16000,599,1569,632000,"#TGIT #GreysAnatomy"
"Serie 1",,25/09/15,"LINK",4500,176,,,"#TGIT #GreysAnatomy"
"Serie 1",,25/09/15,"TESTO",17000,507,959,,"#TGIT #GreysAnatomy"
"Serie 1",,25/09/15,"FOTO",63000,524,1348,,"#GreysAnatomy"
"Serie 1",,25/09/15,"FOTO",25000,600,736,,"#GreysAnatomy #TGIT #KellyMcCreary"
"Serie 1",,25/09/15,"TESTO",6800,252,162,,"#GreysAnatomy #TGIT #TearsOfGreys"
"Serie 1",,25/09/15,"FOTO",5100,189,97,," #GreysAnatomy #TGIT"
"Serie 1",,25/09/15,"FOTO",20000,172,186,,"#TearsOfGreys #GreysAnatomy"
"Serie 1",,25/09/15,"VIDEO",12000,177,447,418000,"#GreysAnatomy"
"Serie 1",,25/09/15,"FOTO",41000,767,407,,"#GreysAnatomy"
"Serie 1",,25/09/15,"VIDEO",68000,1283,2733,1300000,"#GreysAnatomy"
"Serie 1",,26/09/15,"VIDEO",18000,438,887,468000,"#GreysAnatomy"
"Serie 1",,26/09/15,"FOTO",28000,245,973,,"#GreysAnatomy"
"Serie 1",,27/09/15,"VIDEO",9100,587,570,832000,
"Serie 1",,27/09/15,"VIDEO",10000,208,307,494000,"#TGIT #GreysAnatomy"
"Serie 1",,28/09/15,"VIDEO",28000,308,700,733000,"#GreysAnatomy"
"Serie 1",,28/09/15,"FOTO",39000,1186,857,,"#MondayMotivation #GreysAnatomy"
"Serie 1",,29/09/15,"FOTO",125000,1093,320,,"#GreysAnatomy"
"Serie 1",,29/09/15,"LINK",19000,878,1211,,"#GreysAnatomy"
"Serie 1",,30/09/15,"FOTO",17000,135,219,,"#GreysAnatomy"
"Serie 1",,30/09/15,"LINK",8300,42,137,,"#GreysAnatomy"
"Serie 1",,30/09/15,"VIDEO",19000,742,1018,926000,"#GreysAnatomy"
"Serie 1","2x12",01/10/15,"VIDEO",25000,387,1275,699000,"#GreysAnatomy"
"Serie 1",,01/10/15,"FOTO",43000,401,1000,,"#TGIT #GreysAnatomy"
"Serie 1",,01/10/15,"VIDEO",8500,157,347,325000,"#GreysAnatomy"
"Serie 1",,02/10/15,"FOTO",185000,1837,705,,"#GreysAnatomy"
"Serie 1",,02/10/15,"TESTO",7600,82,614,,"#GreysAnatomy"
"Serie 1",,02/10/15,"FOTO",61000,503,680,,"#GreysAnatomy"
"Serie 1",,02/10/15,"VIDEO",25000,171,360,906000,"#GreysAnatomy"
"Serie 1",,02/10/15,"FOTO",31000,376,306,,"#GreysAnatomy"
"Serie 1",,02/10/15,"FOTO",62000,506,442,,
"Serie 1",,02/10/15,"FOTO",37000,317,461,,"#LikeABoss #GreysAnatomy"
"Serie 1",,02/10/15,"VIDEO",18000,311,699,446000,"#GreysAnatomy"
"Serie 1",,03/10/15,"VIDEO",20000,1268,1165,626000,"#GreysAnatomy"
"Serie 1",,03/10/15,"FOTO",49000,208,2549,,"#GreysAnatomy"
"Serie 1",,04/10/15,"VIDEO",12000,175,586,331000,"#GreysAnatomy"
"Serie 1",,05/10/15,"LINK",7600,192,186,,"#GreysAnatomy"
"Serie 1",,05/10/15,"VIDEO",4400,57,126,151000,"#GreysAnatomy"
"Serie 1",,05/10/15,"VIDEO",13000,818,703,722000,"#GreysAnatomy"
"Serie 1",,06/10/15,"VIDEO",17000,1438,1151,969000,"#GreysAnatomy"
"Serie 1",,07/10/15,"FOTO",34000,732,839,,"#GreysAnatomy"
"Serie 1",,08/10/15,"VIDEO",25000,1197,2091,1000000,"#TGIT #GreysAnatomy"
"Serie 1",,08/10/15,"FOTO",13000,70,253,,"#GreysAnatomy"
"Serie 1","3x12",09/10/15,"TESTO",4500,48,155,,"#TGIT #GreysAnatomy"
"Serie 1",,09/10/15,"FOTO",12000,72,152,,"#GreysAnatomy"
"Serie 1",,09/10/15,"FOTO",18000,116,222,,"#GreysSisterhood #GreysAnatomy"
"Serie 1",,09/10/15,"FOTO",10000,136,214,,"#GreysAnatomy"
"Serie 1",,09/10/15,"FOTO",14000,247,202,,"#TearsOfGreys #GreysAnatomy"
"Serie 1",,09/10/15,"TESTO",10000,262,52,,"#GreysAnatomy"
"Serie 1",,09/10/15,"VIDEO",19000,297,339,764000,"#GreysSisterhood #GreysAnatomy"
"Serie 1",,09/10/15,"FOTO",43000,568,335,,"#GreysAnatomy"
"Serie 1",,09/10/15,"FOTO",15000,118,126,,"#GreysAnatomy"
"Serie 1",,09/10/15,"VIDEO",19000,650,402,576000,"#GreysAnatomy"
"Serie 1",,10/10/15,"VIDEO",608000,881,760,608000,"#GreysAnatomy"
"Serie 1",,10/10/15,"FOTO",156000,996,6096,,"#GreysAnatomy"
"Serie 1",,11/10/15,"VIDEO",9500,217,369,471000,"#GreysAnatomy"
"Serie 1",,12/10/15,"VIDEO",24000,321,715,1200000,"#GreysAnatomy"
"Serie 1",,12/10/15,"LINK",6000,78,97,,"#GreysAnatomy"
"Serie 1",,13/10/15,"LINK",7900,100,89,,"#GreysAnatomy"
"Serie 1",,13/10/15,"VIDEO",24000,672,1084,1300000,"#GreysAnatomy"
"Serie 1","4x12",14/10/15,"FOTO",22000,120,189,,"#GreysAnatomy"
"Serie 1",,14/10/15,"VIDEO",16000,739,451,887000,"#GreysAnatomy"
"Serie 1",,15/10/15,"VIDEO",12000,439,360,514000,"#GreysAnatomy"
"Serie 1",,16/10/15,"TESTO",15000,108,223,,"#GreysAnatomy"
"Serie 1",,16/10/15,"FOTO",8800,225,158,,"#GreysAnatomy"
"Serie 1",,16/10/15,"FOTO",26000,239,251,,"#GreysAnatomy"
"Serie 1",,16/10/15,"FOTO",31000,488,875,,"#TearsOfGrey #GreysAnatomy"
"Serie 1",,16/10/15,"FOTO",30000,363,492,,"#GreysAnatomy"
"Serie 1",,16/10/15,"FOTO",8400,145,175,,"#GreysAnatomy"
"Serie 1",,16/10/15,"FOTO",12000,126,331,,"#GreysAnatomy"
"Serie 1",,16/10/15,"FOTO",11000,136,139,,"#GreysAnatomy"
"Serie 1",,16/10/15,"VIDEO",17000,1308,1507,769000,"#TGIT #GreysAnatomy"
"Serie 1",,16/10/15,"VIDEO",23000,1410,1551,888000,"#GreysAnatomy"
"Serie 1",,17/10/15,"FOTO",123000,1395,677,,"#GreysAnatomy"
"Serie 1",,17/10/15,"FOTO",44000,416,2074,,"#GreysAnatomy"
"Serie 1",,18/10/15,"VIDEO",15000,527,342,752000,"#GreysAnatomy"
"Serie 1",,19/10/15,"VIDEO",52000,1821,5475,1400000,"#TearsOfGreys #GreysAnatomy"
"Serie 1",,19/10/15,"LINK",9100,211,406,,"#GreysAnatomy"
"Serie 1",,20/10/15,"FOTO",18000,306,373,,"#GreysAnatomy"
"Serie 1",,20/10/15,"LINK",13000,301,449,,"#GreysAnatomy"
"Serie 1",,20/10/15,"VIDEO",29000,1992,2004,1600000,"#GreysAnatomy"
"Serie 1",,20/10/15,"FOTO",18000,216,234,,"#GreysAnatomy"
"Serie 1",,21/10/15,"VIDEO",38000,2139,2692,1500000,"#GreysAnatomy"
"Serie 1",,21/10/15,"FOTO",23000,366,441,,"#GreysAnatomy"
"Serie 1","5x12",22/10/15,"VIDEO",11000,458,824,438000,"#GreysAnatomy"
"Serie 1",,23/10/15,"FOTO",17000,328,394,,"#GreysAnatomy"
"Serie 1",,23/10/15,"FOTO",24000,506,466,,"#GreysAnatomy"
"Serie 1",,23/10/15,"FOTO",17000,901,573,,"#GreysAnatomy"
"Serie 1",,23/10/15,"FOTO",20000,305,813,,"#GreysAnatomy"
"Serie 1",,23/10/15,"FOTO",68000,1248,2075,,"#GreysAnatomy"
"Serie 1",,23/10/15,"VIDEO",12000,538,351,579000,"#GreysAnatomy"
"Serie 1",,24/10/15,"VIDEO",17000,1189,1200,729000,"#GreysAnatomy"
"Serie 1",,25/10/15,"VIDEO",20000,727,843,780000,"#GreysAnatomy"
"Serie 1",,26/10/15,"VIDEO",40000,2146,2624,1000000,"#GreysAnatomy"
"Serie 1",,26/10/15,"FOTO",190000,3803,1692,,"#GreysAnatomy"
"Serie 1",,27/10/15,"FOTO",21000,163,143,,"#GreysAnatomy"
"Serie 1",,28/10/15,"VIDEO",10000,226,173,657000,"#GreysAnatomy"
"Serie 1",,29/10/15,"FOTO",16000,1108,601,,"#TGIT #GreysAnatomy"
"Serie 1",,30/10/15,"LINK",5800,199,192,,"#GreysAnatomy"
"Serie 1",,31/10/15,"LINK",3500,130,88,,"#TGIT #GreysAnatomy"
"Serie 1",,01/11/15,"VIDEO",9000,318,403,670000,"#GreysAnatomy"
"Serie 1",,02/11/15,"FOTO",24000,429,781,,"#GreysAnatomy"
"Serie 1",,03/11/15,"VIDEO",14000,551,622,778000,"#GreysAnatomy"
"Serie 1",,04/11/15,"FOTO",8900,287,119,,"#GreysAnatomy"
"Serie 1",,04/11/15,"LINK",9100,272,245,,"#GreysAnatomy"
"Serie 1","6x12",05/11/15,"VIDEO",8500,267,453,365000,"#GreysAnatomy"
"Serie 1",,05/11/15,"VIDEO",11000,442,537,574000,"#GreysAnatomy"
"Serie 1",,06/11/15,"TESTO",9100,178,226,,
"Serie 1",,06/11/15,"FOTO",11000,173,338,,"#GreysAnatomy"
"Serie 1",,06/11/15,"FOTO",25000,320,329,,"#GreysAnatomy"
"Serie 1",,06/11/15,"FOTO",11000,151,300,,"#GreysAnatomy"
"Serie 1",,06/11/15,"VIDEO",15000,453,585,499000,"#GreysAnatomy"
"Serie 1",,07/11/15,"VIDEO",10000,585,622,502000,"#GreysAnatomy"
"Serie 1",,07/11/15,"FOTO",30000,197,2128,,"#GreysAnatomy"
"Serie 1",,08/11/15,"VIDEO",10000,135,238,410000,"#GreysAnatomy"
"Serie 1",,09/11/15,"VIDEO",8000,145,176,330000,"#GreysAnatomy"
"Serie 1",,10/11/15,"LINK",5600,98,164,,"#GreysAnatomy"
"Serie 1",,10/11/15,"FOTO",154000,3878,3288,,"#GreysAnatomy"
"Serie 1",,10/11/15,"LINK",1300,35,15,,"#GreysAnatomy"
"Serie 1",,10/11/15,"LINK",4500,137,151,,"#GreysAnatomy"
"Serie 1",,11/11/15,"LINK",35000,1045,2139,,"#GreysAnatomy"
"Serie 1",,11/11/15,"FOTO",23000,273,296,," #GreysAnatomy #TGIT"
"Serie 1","7x12",12/11/15,"VIDEO",13000,567,573,624000,"#GreysAnatomy"
"Serie 1",,12/11/15,"VIDEO",8000,327,402,405000,"#GreysAnatomy"
"Serie 1",,12/11/15,"LINK",5500,260,160,,"#GreysAnatomy"
"Serie 1",,13/11/15,"TESTO",11000,164,503,,"#GreysAnatomy"
"Serie 1",,13/11/15,"FOTO",10000,187,102,,"#GreysAnatomy"
"Serie 1",,13/11/15,"LINK",1500,102,1,,"#GreysAnatomy#TGITAwakens"
"Serie 1",,13/11/15,"VIDEO",7600,127,192,434000,"#GreysAnatomy"
"Serie 1",,13/11/15,"VIDEO",11000,597,484,607000,"#GreysAnatomy"
"Serie 1",,14/11/15,"VIDEO",5600,143,161,423000,"#GreysAnatomy"
"Serie 1",,14/11/15,"FOTO",31000,442,1138,,"#GreysAnatomy"
"Serie 1",,15/11/15,"VIDEO",12000,487,774,579000,"#GreysAnatomy"
"Serie 1",,16/11/15,"VIDEO",6700,150,175,405000,"#GreysAnatomy"
"Serie 1",,17/11/15,"VIDEO",4600,110,173,380000," #GreysAnatomy #TGIT"
"Serie 1",,17/11/15,"LINK",7300,391,278,,
"Serie 1",,17/11/15,"FOTO",54000,1516,604,,"#GreysAnatomy"
"Serie 1",,18/11/15,"LINK",6000,224,119,,"#GreysAnatomy"
"Serie 1",,18/11/15,"FOTO",23000,227,275,,"#GreysAnatomy"
"Serie 1","8x12",19/11/15,"VIDEO",11000,528,493,648000,
"Serie 1",,19/11/15,"VIDEO",7000,290,331,327000,"#GreysAnatomy"
"Serie 1",,19/11/15,"VIDEO",3200,80,106,206000,"#TGIT"
"Serie 1",,19/11/15,"VIDEO",4900,100,169,229000,"#GreysAnatomy"
"Serie 1",,20/11/15,"VIDEO",2700,129,172,391000," #GreysAnatomy #Scandal #HTGAWM #TGIT"
"Serie 1",,20/11/15,"FOTO",5200,72,82,,"#GreysAnatomy"
"Serie 1",,20/11/15,"FOTO",12000,282,95,,"#GreysAnatomy"
"Serie 1",,20/11/15,"VIDEO",9100,223,278,233000,"#GreysAnatomy"
"Serie 1",,20/11/15,"FOTO",24000,967,462,," #GreysAnatomy #Jolex"
"Serie 1",,20/11/15,"VIDEO",12000,785,623,452000,"#GreysAnatomy"
"Serie 1",,21/11/15,"LINK",5800,171,103,,"#GreysAnatomy"
"Serie 1",,22/11/15,"FOTO",12000,312,232,,"#GreysAnatomy"
"Serie 1",,24/11/15,"FOTO",39000,300,343,,"#GreysAnatomy"
"Serie 1",,26/11/15,"FOTO",245000,3213,4144,,"#GreysAnatomy"
"Serie 1",,27/11/15,"LINK",5300,93,97,,"#GreysAnatomy"
"Serie 1",,29/11/15,"FOTO",109000,843,476,,"#GreysAnatomy"
"Serie 1",,01/12/15,"FOTO",11000,139,94,,"#GreysAnatomy"
"Serie 1",,03/12/15,"LINK",5500,85,109,,"#GreysAnatomy"
"Serie 1",,06/12/15,"FOTO",47000,511,506,,"#GreysAnatomy"
"Serie 1",,09/12/15,"FOTO",17000,168,185,,"#GreysAnatomy"
"Serie 1",,09/12/15,"FOTO",4900,103,87,,
"Serie 1",,10/12/15,"LINK",6200,72,128,,"#GreysAnatomy"
"Serie 1",,12/12/15,"LINK",1800,61,128,,"#GreysAnatomy"
"Serie 1",,13/12/15,"FOTO",6900,85,90,,"#GreysAnatomy"
"Serie 1",,15/12/15,"FOTO",129000,1258,501,,"#GreysAnatomy"
"Serie 1",,15/12/15,"FOTO",45000,419,787,,"#GreysAnatomy"
"Serie 1",,18/12/15,"FOTO",34000,448,543,,"#TBT #GreysAnatomy"
"Serie 1",,19/12/15,"VIDEO",11000,311,828,272000,"#StarWars #TheForceAwakens"
"Serie 1",,20/12/15,"FOTO",26000,248,260,,"#GreysAnatomy"
"Serie 1",,22/12/15,"LINK",22000,1080,737,,"#GreysAnatomy"
"Serie 1",,24/12/15,"FOTO",10000,54,57,,"#GreysAnatomy"
"Serie 1",,25/12/15,"VIDEO",10000,187,638,127000,"#GreysAnatomy #TGIT"
"Serie 1",,26/12/15,"LINK",4200,64,98,,"#GreysAnatomy"
"Serie 1",,27/12/15,"LINK",12000,167,103,,"#GreysAnatomy"
"Serie 1",,29/12/15,"FOTO",42000,336,346,,"#GreysAnatomy"
"Serie 1",,30/12/15,"LINK",40000,350,456,,"#GreysAnatomy"
"Serie 1",,31/12/15,"GIF",32000,411,1408,,"#GreysAnatomy #hAPPYnEWyEAR"
"Serie 1",,01/01/16,"FOTO",37000,727,1339,,"#GreysAnatomy"
"Serie 1",,03/01/16,"LINK",31000,876,1018,,"#GreysAnatomy"
"Serie 1",,05/01/16,"FOTO",10000,87,146,,"#GreysAnatomy"
"Serie 1",,07/01/16,"FOTO",53000,794,1708,,"#EllenPompeo #GreysAnatomy #PCAs"
"Serie 1",,07/01/16,"LINK",38000,441,1183,,"#GreysAnatomy"
"Serie 1",,07/01/16,"LINK",37000,382,1069,,"#GreysAnatomy"
"Serie 1",,08/01/16,"VIDEO",16000,1875,2512,617000,"#GreysAnatomy #TGIT"
"Serie 1",,08/01/16,"FOTO",44000,373,518,,"#GreysAnatomy"
"Serie 1",,08/01/16,"LINK",16000,473,461,,"#GreysAnatomy"
"Serie 1",,09/01/16,"LINK",24000,515,,,"#GreysAnatomy #TCAs"
"Serie 1",,10/01/16,"LINK",10000,95,85,,"#GreysAnatomy"
"Serie 1",,12/01/16,"FOTO",8400,324,948,,"#GreysAnatomy #TGT"
"Serie 1",,12/01/16,"LINK",11000,286,222,,"#GreysAnatomy"
"Serie 1",,13/01/16,"GIF",13000,452,558,,"#GreysAnatomy #KissAGingerDay"
"Serie 1",,14/01/16,"LINK",21000,4095,4371,,"#GreysAnatomy"
"Serie 1",,15/01/16,"FOTO",4800,68,128,,"#shelfie #MagicOfStorytelling"
"Serie 1",,17/01/16,"FOTO",18000,274,251,,"#GreysAnatomy"
"Serie 1",,19/01/16,"FOTO",30000,279,253,,"#GreysAnatomy"
"Serie 1",,21/01/16,"VIDEO",56000,14167,20392,1100000,"#GreysAnatomy #MeredithStrong"
"Serie 1",,24/01/16,"LINK",6600,101,168,,"#GreysAnatomy"
"Serie 1",,24/01/16,"FOTO",20000,174,214,,"#GreysAnatomy"
"Serie 1",,27/01/16,"GIF",27000,174,507,,"#GreysAnatomy"
"Serie 1",,28/01/16,"VIDEO",13000,924,1350,274000,"#GreysAnatomy #MeredithStrong"
"Serie 1",,29/01/16,"FOTO",20000,1001,380,,"#GreysAnatomy"
"Serie 1",,30/01/16,"VIDEO",4800,67,113,146000,"#GreysAnatomy"
"Serie 1",,31/01/16,"GIF",9200,123,339,,"#GreysAnatomy #MeredithStrong"
"Serie 1",,01/02/16,"VIDEO",55000,9108,14141,1600000,"#GreysAnatomy #MeredithStrong"
"Serie 1",,02/02/16,"FOTO",7000,229,148,,"#GreysAnatomy"
"Serie 1",,03/02/16,"FOTO",18000,267,420,,"#GreysAnatomy"
"Serie 1",,03/02/16,"LINK",12000,584,878,,"#GreysAnatomy"
"Serie 1",,04/02/16,"VIDEO",39000,3574,5280,813000,"#GreysAnatomy"
"Serie 1",,04/02/16,"FOTO",140000,1029,3724,,"#GreysAnatomy #FriendsDay #tbt"
"Serie 1",,05/02/16,"VIDEO",10000,118,413,147000,"#GreysAnatomy #MeredithStrong"
"Serie 1",,06/02/16,"LINK",5300,31,152,,"#GreysAnatomy"
"Serie 1",,07/02/16,"LINK",1800,74,96,,"#TGIT"
"Serie 1",,07/02/16,"LINK",9100,133,334,,"#GreysAnatomy"
"Serie 1",,08/02/16,"LINK",18000,1209,1852,,"#GreysAnatomy"
"Serie 1",,08/02/16,"VIDEO",18000,730,1712,356000,"#GreysAnatomy #MeredithStrong"
"Serie 1",,09/02/16,"VIDEO",18000,1087,2076,354000,"#GreysAnatomy #MeredithStrong"
"Serie 1",,09/02/16,"LINK",8900,275,261,,"#Japril #GreysAnatomy"
"Serie 1",,09/02/16,"VIDEO",4900,114,436,102000,"#GreysAnatomy #MeredithStrong"
"Serie 1",,10/02/16,"VIDEO",18000,914,2177,314000,"#GreysAnatomy #MeredithStrong"
"Serie 1",,10/02/16,"VIDEO",21000,1897,3432,519000,"#GreysAnatomy #MeredithStrong"
"Serie 1","9x12",11/02/16,"VIDEO",18000,1187,4370,426000,"#GreysAnatomy #TGIT #MeredithStrong"
"Serie 1",,11/02/16,"VIDEO",12000,495,1895,283000,"#GreysAnatomy #TGIT"
"Serie 1",,11/02/16,"LINK",11000,301,,,"#TGIT #Scandal #GreysAnatomy"
"Serie 1",,11/02/16,"FOTO",3100,173,58,,"#TGIT"
"Serie 1",,11/02/16,"VIDEO",83000,120,438,83000,"#TGIT #GreysAnatomy"
"Serie 1",,11/02/16,"VIDEO",50000,17080,2210,3500000,"#TGIT #GreysAnatomy"
"Serie 1",,12/02/16,"LINK",983,17,,,"#TGIT #HTGAWM"
"Serie 1",,12/02/16,"TESTO",9200,249,1662,,"#GreysAnatomy"
"Serie 1",,12/02/16,"FOTO",21000,694,1161,,"#GreysAnatomy #MeredithStrong"
"Serie 1",,12/02/16,"FOTO",36000,1373,2078,," #GreysAnatomy #TearsOfGreys"
"Serie 1",,12/02/16,"FOTO",24000,892,797,," #GreysAnatomy #MeredithStrong"
"Serie 1",,12/02/16,"TESTO",41000,1027,10529,,"#GreysAnatomy"
"Serie 1",,12/02/16,"VIDEO",36000,2537,2510,1000000,"#GreysAnatomy #MeredithStrong"
"Serie 1",,12/02/16,"FOTO",13000,199,1164,,"#GreysAnatomy"
"Serie 1",,12/02/16,"LINK",4800,263,102,,"#TGIT #GreysAnatomy"
"Serie 1",,12/02/16,"VIDEO",41000,1129,2622,842000,"#GreysAnatomy"
"Serie 1",,12/02/16,"LINK",3700,43,68,,"#TGIT #GreysAnatomy"
"Serie 1",,12/02/16,"LINK",2900,69,41,,"#GreysAnatomy"
"Serie 1",,13/02/16,"LINK",5700,111,149,,"#GreysAnatomy"
"Serie 1",,13/02/16,"LINK",7400,114,279,,"#GreysAnatomy"
"Serie 1",,14/02/16,"LINK",62000,2151,3491,,"#GreysAnatomy"
"Serie 1",,14/02/16,"FOTO",26000,328,2698,,"#GreysAnatomy #ValentinesDay"
"Serie 1","10x12",15/02/16,"VIDEO",13000,233,481,177000,"#GreysAnatomy"
"Serie 1",,16/02/16,"LINK",74000,1144,1599,,"#GreysAnatomy"
"Serie 1",,16/02/16,"FOTO",6400,73,107,,"#GreysAnatomy"
"Serie 1",,17/02/16,"LINK",6600,122,177,,"#GreysAnatomy"
"Serie 1",,18/02/16,"VIDEO",14000,640,1110,437000,"#GreysAnatomy"
"Serie 1",,18/02/16,"VIDEO",9400,173,500,264000,"#GreysAnatomy"
"Serie 1",,19/02/16,"TESTO",45000,342,1951,,"#GreysAnatomy"
"Serie 1",,19/02/16,"FOTO",15000,185,803,,"#GreysAnatomy"
"Serie 1",,19/02/16,"FOTO",5400,159,62,,"#GreysAnatomy"
"Serie 1",,19/02/16,"VIDEO",7300,181,330,137000,"#GreysAnatomy #MeredithStrong"
"Serie 1",,20/02/16,"LINK",5400,204,144,,"#GreysAnatomy"
"Serie 1",,21/02/16,"FOTO",8000,135,264,,"#GreysAnatomy"
"Serie 1",,22/02/16,"VIDEO",7900,157,268,174000,"#GreysAnatomy"
"Serie 1",,23/02/16,"VIDEO",9400,385,395,320000,"#GreysAnatomy"
"Serie 1",,24/02/16,"FOTO",16000,118,165,,"#GreysAnatomy"
"Serie 1",,24/02/16,"FOTO",63000,655,395,,"#GreysAnatomy"
"Serie 1","11x12",25/02/16,"FOTO",4900,289,54,,"#GreysAnatomy"
"Serie 1",,25/02/16,"FOTO",3600,108,53,,"#GreysAnatomy"
"Serie 1",,25/02/16,"VIDEO",8400,477,358,162000,"#GreysAnatomy"
"Serie 1",,25/02/16,"VIDEO",11000,436,450,307000,"#GreysAnatomy"
"Serie 1",,25/02/16,"VIDEO",34000,16196,1046,1400000,"#GreysAnatomy"
"Serie 1",,26/02/16,"FOTO",34000,1340,2108,,
"Serie 1",,26/02/16,"FOTO",13000,500,490,,"#Japril #GreysAnatomy"
"Serie 1",,26/02/16,"FOTO",14000,839,571,,"#Japril #GreysAnatomy"
"Serie 1",,26/02/16,"VIDEO",40000,1343,4404,855000,"#GreysAnatomy"
"Serie 1",,26/02/16,"TESTO",10000,294,1193,,"#GreysAnatomy"
"Serie 1",,26/02/16,"VIDEO",33000,1914,1564,575000,"#GreysAnatomy"
"Serie 1",,27/02/16,"VIDEO",14000,492,652,240000,"#GreysAnatomy"
"Serie 1",,28/02/16,"FOTO",13000,206,678,,"#GreysAnatomy"
"Serie 1",,29/02/16,"VIDEO",6600,166,315,146000,"#GreysAnatomy"
"Serie 1",,01/03/16,"LINK",4400,151,68,,"#GreysAnatomy"
"Serie 1",,01/03/16,"LINK",7600,283,208,,"#GreysAnatomy"
"Serie 1",,01/03/16,"FOTO",10000,367,385,,"#GreysAnatomy"
"Serie 1",,02/03/16,"LINK",3300,25,59,,"#GreysAnatomy"
"Serie 1","12x12",03/03/16,"FOTO",12000,149,189,,"#GreysAnatomy"
"Serie 1",,03/03/16,"VIDEO",18000,792,852,430000,"#GreysAnatomy"
"Serie 1",,03/03/16,"VIDEO",1700,68,65,91000,"#GreysAnatomy"
"Serie 1",,03/03/16,"FOTO",7000,126,116,,"#GreysAnatomy"
"Serie 1",,04/03/16,"GIF",45000,2109,5086,,"#TGIT #GreysAnatomy"
"Serie 1",,04/03/16,"TESTO",97000,663,18435,,"#GreysAnatomy"
"Serie 1",,04/03/16,"FOTO",8600,213,278,,"#GreysAnatomy"
"Serie 1",,04/03/16,"FOTO",38000,595,496,,"#GreysAnatomy #WorkPlaceRelationshipProblems"
"Serie 1",,04/03/16,"FOTO",3900,111,47,,"#GreysAnatomy"
"Serie 1",,04/03/16,"TESTO",36000,268,7061,,"#GreysAnatomy"
"Serie 1",,04/03/16,"FOTO",11000,191,236,,"#GreysAnatomy"
"Serie 1",,04/03/16,"VIDEO",9800,301,252,248000,"#GreysAnatomy"
"Serie 1",,06/03/16,"FOTO",32000,185,5064,,"#GreysAnatomy"
"Serie 1",,07/03/16,"VIDEO",17000,713,1085,467000,"#GreysAnatomy #TearsOfGreys"
"Serie 1",,08/03/16,"FOTO",49000,346,1227,,"#GreysAnatomy #InternationalWomenDay"
"Serie 1",,08/03/16,"LINK",18000,832,474,,"#GreysAnatomy"
"Serie 1",,08/03/16,"LINK",13000,1209,1777,,"#GreysAnatomy"
"Serie 1",,09/03/16,"VIDEO",14000,406,625,331000,"#GreysAnatomy"
"Serie 1","13x12",10/03/16,"FOTO",27000,247,1004,,
"Serie 1",,10/03/16,"VIDEO",10000,291,389,393000,"#GreysAnatomy"
"Serie 1",,11/03/16,"TESTO",4200,37,145,,
"Serie 1",,11/03/16,"FOTO",10000,126,164,,
"Serie 1",,11/03/16,"VIDEO",4800,59,113,110000,
"Serie 1",,11/03/16,"TESTO",48000,372,5641,,
"Serie 1",,11/03/16,"FOTO",16000,146,1528,,
"Serie 1",,11/03/16,"VIDEO",15000,828,661,347000,
"Serie 1",,11/03/16,"LINK",13000,651,1041,,"#GreysAnatomy"
"Serie 1",,12/03/16,"VIDEO",10000,453,447,205000,"#GreysAnatomy"
"Serie 1",,12/03/16,"LINK",8000,230,168,,
"Serie 1",,13/03/16,"FOTO",11000,113,971,,"#GreysAnatomy"
"Serie 1",,14/03/16,"VIDEO",7700,138,161,246000,
"Serie 1",,15/03/16,"LINK",4200,202,76,,
"Serie 1",,16/03/16,"GIF",24000,165,507,,
"Serie 1",,16/03/16,"FOTO",800,91,116,,"#GreysAnatomy"
"Serie 1","14x12",17/03/16,"LINK",9000,210,221,,
"Serie 1",,17/03/16,"LINK",8400,74,98,,
"Serie 1",,17/03/16,"VIDEO",7700,272,414,193000,"#GreysAnatomy"
"Serie 1",,17/03/16,"TESTO",6900,76,527,,
"Serie 1",,18/03/16,"FOTO",3900,130,73,,
"Serie 1",,18/03/16,"TESTO",62000,561,10705,,
"Serie 1",,18/03/16,"FOTO",73000,1294,1766,,
"Serie 1",,18/03/16,"VIDEO",14000,722,511,397000,
"Serie 1",,18/03/16,"LINK",2300,35,36,,"#GreysAnatomy"
"Serie 1",,19/03/16,"VIDEO",5200,103,156,197000,"#BestOfTGIT #ReadyForAnything"
"Serie 1",,20/03/16,"VIDEO",9800,168,232,296000,
"Serie 1",,21/03/16,"FOTO",4800,41,85,,
"Serie 1",,21/03/16,"LINK",8200,475,334,,
"Serie 1",,22/03/16,"LINK",611,10,,,"#TheCatch #TGIT"
"Serie 1",,22/03/16,"LINK",618,15,,,"#TGIT"
"Serie 1",,23/03/16,"LINK",5800,306,170,,
"Serie 1",,23/03/16,"VIDEO",5200,91,204,116000,"#NationalPuppyDay"
"Serie 1","15x12",24/03/16,"FOTO",32000,964,204,,"#GreysAnatomy"
"Serie 1",,24/03/16,"VIDEO",9400,535,407,197000,"#GreysAnatomy"
"Serie 1",,25/03/16,"TESTO",5400,53,494,,
"Serie 1",,25/03/16,"FOTO",5800,297,78,,
"Serie 1",,25/03/16,"VIDEO",9900,399,281,309000,
"Serie 1",,25/03/16,"FOTO",7300,138,155,,
"Serie 1",,25/03/16,"TESTO",69000,673,10694,,
"Serie 1",,25/03/16,"FOTO",4600,113,193,,
"Serie 1",,25/03/16,"VIDEO",10000,189,607,210000,
"Serie 1",,25/03/16,"LINK",3900,144,62,,"#GreysAnatomy"
"Serie 1",,26/03/16,"LINK",12000,370,239,,"#GreysAnatomy"
"Serie 1",,26/03/16,"VIDEO",9900,1330,551,255000,
"Serie 1",,27/03/16,"VIDEO",5400,82,100,110000,
"Serie 1",,28/03/16,"VIDEO",6600,115,144,145000,
"Serie 1",,28/03/16,"LINK",3100,108,57,,
"Serie 1",,29/03/16,"FOTO",12000,432,67,,"#GreysAnatomy"
"Serie 1",,29/03/16,"FOTO",92000,1434,655,,
"Serie 1",,30/03/16,"VIDEO",7300,221,232,337000,
"Serie 1",,30/03/16,"VIDEO",45000,1190,4335,801000,"#NationalDoctorsDay"
"Serie 1",,30/03/16,"LINK",17000,1670,1197,,"#GreysAnatomy"
"Serie 1","16x12",31/03/16,"FOTO",43000,329,488,,"#TGIT"
"Serie 1",,31/03/16,"VIDEO",11000,833,754,473000,
"Serie 1",,01/04/16,"TESTO",5600,44,264,,
"Serie 1",,01/04/16,"FOTO",20000,881,333,,
"Serie 1",,01/04/16,"VIDEO",11000,232,389,313000,"#GreysSisterhood"
"Serie 1",,01/04/16,"FOTO",10000,258,320,,
"Serie 1",,01/04/16,"TESTO",23000,268,3661,,
"Serie 1",,01/04/16,"FOTO",6000,118,179,,
"Serie 1",,01/04/16,"VIDEO",27000,1432,947,1400000,"#GreysAnatomy"
"Serie 1",,02/04/16,"LINK",1500,60,17,,
"Serie 1",,02/04/16,"LINK",20000,394,351,,"#GreysAnatomy"
"Serie 1",,02/04/16,"VIDEO",7700,215,267,192000,
"Serie 1",,02/04/16,"LINK",74000,982,1774,,"#GreysAnatomy"
"Serie 1",,03/04/16,"FOTO",16000,98,2692,,
"Serie 1",,04/04/16,"VIDEO",21000,681,1019,393000,
"Serie 1",,04/04/16,"LINK",3600,103,49,,
"Serie 1",,05/04/16,"FOTO",6300,318,95,,
"Serie 1",,06/04/16,"VIDEO",11000,297,493,459000,
"Serie 1",,06/04/16,"VIDEO",34000,439,782,1600000,
"Serie 1",,06/04/16,"LINK",9800,250,192,,
"Serie 1",,06/04/16,"FOTO",34000,114,146,,
"Serie 1","17x12",07/04/16,"VIDEO",10000,298,433,320000,"#GreysAnatomy"
"Serie 1",,08/04/16,"TESTO",17000,129,960,,
"Serie 1",,08/04/16,"TESTO",25000,325,2393,,
"Serie 1",,08/04/16,"VIDEO",31000,1642,1146,2000000,
"Serie 1",,08/04/16,"LINK",13000,262,176,,"#GreysAnatomy"
"Serie 1",,09/04/16,"VIDEO",14000,1570,998,273000,"#GreysAnatomy #2HourGreysEvent"
"Serie 1",,10/04/16,"VIDEO",20000,145,402,895000,
"Serie 1",,11/04/16,"VIDEO",31000,279,600,1100000,
"Serie 1",,11/04/16,"LINK",6100,89,102,,
"Serie 1",,12/04/16,"FOTO",44000,696,588,,
"Serie 1",,13/04/16,"VIDEO",7000,242,381,310000,"#2HourGreysEvent"
"Serie 1",,13/04/16,"FOTO",14000,552,869,,"#2HourGreysEvent"
"Serie 1","18x12 19x12",14/04/16,"LINK",4800,83,138,,"#2HourGreysEvent"
"Serie 1",,14/04/16,"VIDEO",8300,369,536,211000,"#GreysAnatomy #2HourGreysEvent"
"Serie 1",,14/04/16,"VIDEO",9900,308,438,384000,"#2HourGreysEvent"
"Serie 1",,15/04/16,"TESTO",22000,191,594,,
"Serie 1",,15/04/16,"TESTO",22000,208,2722,,
"Serie 1",,15/04/16,"TESTO",20000,234,1318,,
"Serie 1",,15/04/16,"TESTO",32000,472,2985,,
"Serie 1",,15/04/16,"VIDEO",20000,162,263,1000000,"#GreysSisterhood"
"Serie 1",,15/04/16,"VIDEO",25000,1322,826,1700000,
"Serie 1",,15/04/16,"LINK",26000,971,826,,"#2HourGreysEvent"
"Serie 1",,16/04/16,"VIDEO",17000,179,281,1200000,"#BestOfTGIT #ReadyForAnything "
"Serie 1",,16/04/16,"LINK",11000,505,189,,
"Serie 1",,17/04/16,"VIDEO",23000,235,387,1500000,
"Serie 1",,18/04/16,"VIDEO",102000,3386,4024,2800000,
"Serie 1",,19/04/16,"LINK",5800,120,152,,"#TearsOfGreys"
"Serie 1",,19/04/16,"LINK",23000,4292,1037,,
"Serie 1",,20/04/16,"TESTO",34000,171,1950,,"#WednesdayWisdom"
"Serie 1",,20/04/16,"LINK",126000,4227,9404,,"#GreysAnatomy"
"Serie 1",,20/04/16,"VIDEO",17000,179,263,970000,
"Serie 1","20x12",21/04/16,"VIDEO",9500,785,538,367000,"#GreyAnatomy"
"Serie 1",,22/04/16,"TESTO",19000,175,633,,
"Serie 1",,22/04/16,"TESTO",19000,382,1267,,
"Serie 1",,22/04/16,"VIDEO",24000,770,535,1600000,
"Serie 1",,22/04/16,"LINK",16000,477,243,,"#GreyAnatomy"
"Serie 1",,22/04/16,"VIDEO",9300,137,114,848000,"#BestOfTGIT #ReadyForAnything #ZYRTEC"
"Serie 1",,23/04/16,"VIDEO",31000,1600,1402,1500000,
"Serie 1",,23/04/16,"LINK",87000,7912,26700,,
"Serie 1",,24/04/16,"VIDEO",48000,979,1704,1900000,
"Serie 1",,24/04/16,"LINK",36000,1248,4526,,
"Serie 1",,25/04/16,"VIDEO",99000,1834,4175,3600000,
"Serie 1",,25/04/16,"LINK",5000,127,83,,
"Serie 1",,26/04/16,"VIDEO",21000,478,382,1000000,
"Serie 1",,26/04/16,"LINK",22000,985,781,,
"Serie 1",,27/04/16,"VIDEO",25000,1061,276,1000000,"#WednesdayWisdom"
"Serie 1",,27/04/16,"LINK",56000,749,1387,,"#GreysAnatomy"
"Serie 1","21x12",28/04/16,"VIDEO",27000,679,764,1300000,
"Serie 1",,29/04/16,"TESTO",14000,191,701,,
"Serie 1",,29/04/16,"TESTO",19000,206,719,,
"Serie 1",,29/04/16,"VIDEO",21000,163,279,967000,"#GreysSisterhood"
"Serie 1",,29/04/16,"VIDEO",26000,302,476,1000000,
"Serie 1",,29/04/16,"LINK",9800,165,110,,
"Serie 1",,30/04/16,"VIDEO",23000,493,222,1100000,"#BestOfTGIT #ReadyForAnything #ZYRTEC"
"Serie 1",,01/05/16,"VIDEO",25000,217,410,1200000,
"Serie 1",,02/05/16,"VIDEO",13000,203,205,357000,
"Serie 1",,03/05/16,"LINK",19000,1008,884,,
"Serie 1",,04/05/16,"VIDEO",15000,120,224,562000,"#WednesdayWisdom"
"Serie 1",,04/05/16,"LINK",16000,579,635,,
"Serie 1",,04/05/16,"VIDEO",15000,617,424,519000,"#GreysAnatomy"
"Serie 1","22x12",05/05/16,"VIDEO",36000,1545,2169,1900000,
"Serie 1",,06/05/16,"TESTO",22000,543,951,,
"Serie 1",,06/05/16,"VIDEO",59000,2750,3966,2800000,
"Serie 1",,06/05/16,"TESTO",13000,1295,605,,
"Serie 1",,06/05/16,"VIDEO",70000,5610,5012,3300000,
"Serie 1",,06/05/16,"LINK",21000,1075,394,,
"Serie 1",,07/05/16,"VIDEO",41000,3491,2570,1500000,
"Serie 1",,08/05/16,"VIDEO",44000,529,2601,1300000,
"Serie 1",,09/05/16,"VIDEO",40000,774,1033,1700000,
"Serie 1",,09/05/16,"VIDEO",5000,204,,559953,
"Serie 1",,10/05/16,"LINK",6700,229,96,,
"Serie 1",,11/05/16,"VIDEO",47000,1253,1034,1700000,
"Serie 1","23x12",12/05/16,"VIDEO",29000,2802,1411,2200000,
"Serie 1",,13/05/16,"TESTO",26000,649,2446,,
"Serie 1",,13/05/16,"VIDEO",63000,9363,5808,2600000,
"Serie 1",,13/05/16,"LINK",44000,2785,1402,,
"Serie 1",,14/05/16,"VIDEO",16000,695,357,1300000,"#BestOfTGIT #ReadyForAnything #ZYRTEC"
"Serie 1",,15/05/16,"VIDEO",56000,2547,2642,3900000,
"Serie 1",,16/05/16,"FOTO",6900,39,27,,
"Serie 1",,16/05/16,"VIDEO",53000,1538,1233,2200000,
"Serie 1",,16/05/16,"LINK",2000,127,147,,
"Serie 1",,17/05/16,"VIDEO",26000,889,668,1200000,"#FellAllTheFeels #GreysAnatomy"
"Serie 1",,18/05/16,"VIDEO",25000,1008,1185,1300000,"#GreysAnatomy"
"Serie 1",,18/05/16,"VIDEO",46000,3803,6177,1700000,"#GreysAnatomy #FeelAllTheFeels"
"Serie 1",,18/05/16,"VIDEO",33000,1338,1324,1800000,
"Serie 1","24x12 finale",19/05/16,"VIDEO",32000,1172,855,1600000,
"Serie 1",,19/05/16,"LINK",6700,154,117,,
"Serie 1",,19/05/16,"VIDEO",43000,2348,4515,2800000,"#FellAllTheFeels #GreysAnatomy"
"Serie 1",,19/05/16,"LINK",11000,426,208,,
"Serie 1",,19/05/16,"VIDEO",29000,4774,1862,1300000,
"Serie 1",,20/05/16,"TESTO",41000,440,3973,,
"Serie 1",,20/05/16,"VIDEO",45000,1415,2043,1400000,"#FellAllTheFeels"
"Serie 1",,20/05/16,"FOTO",29000,898,426,,
"Serie 1",,20/05/16,"VIDEO",117000,5937,11117,3300000,
"Serie 1",,20/05/16,"LINK",34000,913,685,,
"Serie 1",,21/05/16,"VIDEO",35000,1822,1026,2000000,
"Serie 1",,22/05/16,"VIDEO",113000,2812,5044,3300000,
"Serie 1",,25/05/16,"VIDEO",35000,1480,1277,719000,
"Serie 1",,26/05/16,"VIDEO",33000,879,626,908000,
"Serie 2",,01/09/15,"FOTO",1300,14,16,,
"Serie 2",,01/09/15,"LINK",3900,133,1,,"#Scandal"
"Serie 2",,01/09/15,"FOTO",763,23,64,,"#TGIT #HowDoYouTGIT"
"Serie 2",,02/09/15,"LINK",47600,409,4200,," #Scandal  #TGIT"
"Serie 2",,02/09/15,"FOTO",10200,200,652,,"#TGIT #Shondaland #EWTGIT"
"Serie 2",,03/09/15,"FOTO",58600,1000,4400,," #Scandal  #TGIT"
"Serie 2",,05/09/15,"FOTO",24900,425,1200,,"#gladiator #Scandal #TGIT"
"Serie 2",,05/09/15,"FOTO",18600,136,374,," #Scandal  #TGIT"
"Serie 2",,06/09/15,"FOTO",22700,458,2400,,"#Scandal #TGIT"
"Serie 2",,06/09/15,"FOTO",24200,325,2600,,"#TGIT #HowDoYouTGIT"
"Serie 2",,09/09/15,"LINK",6600,102,,,
"Serie 2",,10/09/15,"FOTO",40000,550,6600,,"#TGIT #Scandal"
"Serie 2",,10/09/15,"FOTO",17300,167,405,,"#Scandal"
"Serie 2",,11/09/15,"FOTO",26500,389,2600,,"#Scandal"
"Serie 2",,11/09/15,"FOTO",7400,50,304,,"#HowDoYouTGIT #TGIT"
"Serie 2",,12/09/15,"FOTO",7500,83,522,,"#TGIT #HowDoYouTGIT"
"Serie 2",,14/09/15,"VIDEO",2400,130,123,66000,"#TGIT #HowDoYouTGIT"
"Serie 2",,15/09/15,"FOTO",2200,12,38,,"#Scandal"
"Serie 2",,16/09/15,"FOTO",10000,189,180,,"#Scandal"
"Serie 2",,16/09/15,"FOTO",9900,167,321,,"#Scandal #HowDoYouTGIT #WineWednesday"
"Serie 2",,16/09/15,"LINK",3500,121,243,,"#Scandal"
"Serie 2",,17/09/15,"FOTO",8300,236,749,," #Scandal #TGIT"
"Serie 2",,17/09/15,"VIDEO",4500,109,622,34000,"#TGIT #Scandal"
"Serie 2",,18/09/15,"FOTO",1600,59,261,,"#Scandal #TGIT"
"Serie 2",,19/09/15,"FOTO",3000,71,172,,"#TGIT #Scandal"
"Serie 2",,19/09/15,"VIDEO",1700,40,77,55000,"#TGIT #HowDoYouTGIT"
"Serie 2",,20/09/15,"FOTO",14000,123,382,,"#HowDoYouTGIT #Scandal"
"Serie 2",,20/09/15,"VIDEO",24000,637,1501,1300000,"#HuckleberryQuinn #TGIT #HowDoYouTGIT #Scandal"
"Serie 2",,22/09/15,"VIDEO",15000,435,2297,135000,"#TGIT #Scandal"
"Serie 2",,22/09/15,"FOTO",2000,14,32,,"#Scandal"
"Serie 2",,22/09/15,"FOTO",3700,30,69,,"#Scandal"
"Serie 2",,22/09/15,"FOTO",25000,448,122,,"#Scandal"
"Serie 2",,23/09/15,"FOTO",11000,212,1385,,"#Scandal"
"Serie 2",,23/09/15,"FOTO",119000,1927,5002,,"#TGIT #Scandal"
"Serie 2",,23/09/15,"FOTO",4300,48,161,,"#Scandal"
"Serie 2",,23/09/15,"FOTO",17000,441,2581,,"#TGIT #Scandal"
"Serie 2",,23/09/15,"FOTO",3200,39,104,,"#Scandal"
"Serie 2","1x5",24/09/15,"FOTO",2600,26,122,,"#Scandal"
"Serie 2",,24/09/15,"VIDEO",10000,624,1747,176000,"#Scandal"
"Serie 2",,24/09/15,"VIDEO",75000,1920,10487,3200000,"#TGIT #Scandal"
"Serie 2",,24/09/15,"FOTO",8700,97,237,,"#TGIT"
"Serie 2",,24/09/15,"VIDEO",43000,990,6012,587000,"#TGIT #Scandal"
"Serie 2",,24/09/15,"VIDEO",8700,537,1515,161000,"#Scandal"
"Serie 2",,25/09/15,"FOTO",22000,438,1184,,"#TGIT #Scandal"
"Serie 2",,25/09/15,"FOTO",44000,1236,1926,,"#Olitz #Scandal"
"Serie 2",,25/09/15,"FOTO",24000,917,1375,,"#TGIT #Scandal"
"Serie 2",,25/09/15,"FOTO",2400,73,86,,"#TGIT"
"Serie 2",,25/09/15,"FOTO",30000,812,920,,"#Scandal #TGIT"
"Serie 2",,25/09/15,"FOTO",7000,225,178,,"#Scandal #Gladiators"
"Serie 2",,25/09/15,"VIDEO",7600,637,746,155000,"#Scandal"
"Serie 2",,27/09/15,"FOTO",25000,326,1501,,"#Scandal"
"Serie 2",,27/09/15,"VIDEO",3100,104,169,76000,"#Scandal"
"Serie 2",,28/09/15,"VIDEO",4700,50,130,92000,"#Scandal"
"Serie 2",,30/09/15,"LINK",3900,160,246,,"#Scandal"
"Serie 2",,30/09/15,"FOTO",7400,144,309,,"#Scandal"
"Serie 2","2x5",01/10/15,"VIDEO",6400,292,649,152000,"#Scandal"
"Serie 2",,01/10/15,"VIDEO",25000,634,2058,729000,"#Scandal #Gladiators "
"Serie 2",,01/10/15,"FOTO",7900,203,241,,"#TGIT #Scandal #Gladiators"
"Serie 2",,02/10/15,"FOTO",16000,532,599,,"#Scandal"
"Serie 2",,02/10/15,"FOTO",14000,284,502,,"#Scandal"
"Serie 2",,02/10/15,"VIDEO",17000,1484,2496,,"#Scandal"
"Serie 2",,03/10/15,"LINK",4800,307,637,,"#Scandal"
"Serie 2",,03/10/15,"FOTO",1800,29,57,,
"Serie 2",,03/10/15,"VIDEO",7900,401,886,129000,"#Scandal"
"Serie 2",,04/10/15,"FOTO",14000,321,303,,"#Scandal"
"Serie 2",,04/10/15,"VIDEO",3200,152,123,106000,"#Scandal #TGIT"
"Serie 2",,04/10/15,"LINK",3400,119,172,,"#Scandal"
"Serie 2",,05/10/15,"FOTO",5700,164,82,,"#TheView"
"Serie 2",,05/10/15,"FOTO",19000,166,454,,"#Scandal"
"Serie 2",,06/10/15,"VIDEO",11000,733,1462,246000,"#Scandal"
"Serie 2",,06/10/15,"FOTO",7200,92,113,,"#Scandal #GameChanfer #TGIT"
"Serie 2",,07/10/15,"LINK",5100,211,314,,"#Scandal"
"Serie 2","3x5",08/10/15,"FOTO",3500,59,84,,"#Scandal"
"Serie 2",,08/10/15,"VIDEO",15000,415,1721,427000,"#Yes #TGIT #Scandal"
"Serie 2",,08/10/15,"VIDEO",8100,439,910,183000,"#Scandal"
"Serie 2",,09/10/15,"FOTO",1300,26,18,,
"Serie 2",,09/10/15,"VIDEO",7100,249,342,117000,"#Scandal"
"Serie 2",,09/10/15,"FOTO",12000,1102,456,,"#Scandal"
"Serie 2",,09/10/15,"FOTO",31000,557,455,,"#Scandal"
"Serie 2",,09/10/15,"VIDEO",20000,1089,1978,406000,"#WatchMeChooseYou #Scandal"
"Serie 2",,10/10/15,"FOTO",10000,217,173,,"#FashionFriday #Scandal"
"Serie 2",,10/10/15,"VIDEO",5500,211,559,101000,"#Gladiators #Scandal"
"Serie 2",,10/10/15,"LINK",3800,103,163,,"#Scandal"
"Serie 2",,11/10/15,"FOTO",4400,171,115,,"#Scandal"
"Serie 2",,12/10/15,"VIDEO",6700,658,497,119584,"#TGIT #Scandal"
"Serie 2",,13/10/15,"VIDEO",6700,263,616,220197,"#Scandal"
"Serie 2",,14/10/15,"VIDEO",6100,147,184,140506,"#Scandal"
"Serie 2",,14/10/15,"VIDEO",5200,131,470,174516,"#Scandal"
"Serie 2",,14/10/15,"FOTO",7600,106,267,,"#Scandal"
"Serie 2","4x5",15/10/15,"LINK",2500,52,113,," #Scandal #Refinery29"
"Serie 2",,15/10/15,"VIDEO",5000,152,564,138827,"#Scandal"
"Serie 2",,16/10/15,"FOTO",5400,126,286,,"#Scandal"
"Serie 2",,16/10/15,"FOTO",1900,91,44,,
"Serie 2",,16/10/15,"FOTO",13800,237,526,,"#Scandal"
"Serie 2",,16/10/15,"FOTO",9900,329,366,,"#Scandal"
"Serie 2",,16/10/15,"FOTO",19700,232,388,,"#Scandal"
"Serie 2",,16/10/15,"FOTO",12600,229,328,,"#Scandal"
"Serie 2",,16/10/15,"VIDEO",9400,336,677,195383,"#Scandal"
"Serie 2",,16/10/15,"VIDEO",21100,1250,3446,492792,"#Olitz #Scandal"
"Serie 2",,17/10/15,"FOTO",12000,247,61,,"#FashionFriday #Scandal"
"Serie 2",,17/10/15,"FOTO",8100,335,221,,"#Scandal"
"Serie 2",,17/10/15,"LINK",16000,163,369,,
"Serie 2",,18/10/15,"FOTO",8700,132,202,,"#PapaPope #Scandal"
"Serie 2",,18/10/15,"FOTO",60500,3313,16181,,
"Serie 2",,19/10/15,"VIDEO",3000,150,196,,"#Scandal"
"Serie 2",,20/10/15,"FOTO",12800,205,369,,"#Scandal"
"Serie 2",,20/10/15,"LINK",2600,89,150,,"#Scandal"
"Serie 2",,20/10/15,"FOTO",6400,86,170,,"#Scandal"
"Serie 2",,20/10/15,"VIDEO",8100,421,824,234000,"#Scandal"
"Serie 2",,21/10/15,"FOTO",16000,293,355,,"#Scandal"
"Serie 2",,21/10/15,"VIDEO",4300,244,633,166000,"#Scandal"
"Serie 2",,21/10/15,"FOTO",7300,122,204,,"#Scandal"
"Serie 2","5x5",22/10/15,"FOTO",4100,75,148,,"#Scandal"
"Serie 2",,22/10/15,"VIDEO",2000,57,128,71000,"#Scandal"
"Serie 2",,22/10/15,"VIDEO",6100,139,530,184000,"#TGIT"
"Serie 2",,22/10/15,"VIDEO",13000,347,1281,705000," #Scandal #Gladiators"
"Serie 2",,22/10/15,"FOTO",3000,97,171,,"#Scandal"
"Serie 2",,23/10/15,"FOTO",26000,538,1403,,"#Scandal"
"Serie 2",,23/10/15,"FOTO",15000,326,497,,"#Scandal"
"Serie 2",,23/10/15,"FOTO",16000,848,888,,"#Scandal"
"Serie 2",,23/10/15,"VIDEO",10000,277,357,317000,"#Scandal"
"Serie 2",,23/10/15,"FOTO",25000,603,540,,"#Scandal"
"Serie 2",,23/10/15,"VIDEO",14000,690,1550,312000,"#Scandal"
"Serie 2",,23/10/15,"FOTO",15000,250,194,,"#FashionFriday #Scandal"
"Serie 2",,24/10/15,"VIDEO",7200,575,864,148000,"#Scandal"
"Serie 2",,24/10/15,"VIDEO",7200,372,339,101000,"#Scandal"
"Serie 2",,25/10/15,"FOTO",5500,156,138,,"#Scandal"
"Serie 2",,27/10/15,"VIDEO",6800,175,312,235000,"#Scandal"
"Serie 2",,27/10/15,"VIDEO",9300,797,1175,252000,"#Scandal"
"Serie 2",,27/10/15,"FOTO",27000,336,87,,"#Scandal"
"Serie 2",,27/10/15,"LINK",2800,150,156,,"#Scandal"
"Serie 2",,28/10/15,"LINK",5200,188,209,,"#Scandal"
"Serie 2",,28/10/15,"FOTO",13000,293,208,,"#Scandal"
"Serie 2","6x5",29/10/15,"FOTO",4900,168,147,,"#Scandal"
"Serie 2",,29/10/15,"FOTO",19000,131,228,,"#Scandal"
"Serie 2",,29/10/15,"VIDEO",5500,189,451,162000,"#Scandal"
"Serie 2",,29/10/15,"VIDEO",9900,937,1221,209000,"#ScandalHigh"
"Serie 2",,30/10/15,"FOTO",17000,301,524,,"#Scandal"
"Serie 2",,30/10/15,"FOTO",1200,47,29,,
"Serie 2",,30/10/15,"FOTO",7400,434,227,,"#Scandal"
"Serie 2",,30/10/15,"FOTO",14000,541,283,,"#Scandal"
"Serie 2",,30/10/15,"FOTO",37000,365,304,,"#Scandal"
"Serie 2",,30/10/15,"FOTO",10000,286,179,,"#Scandal"
"Serie 2",,30/10/15,"FOTO",11000,157,199,,"#Scandal"
"Serie 2",,30/10/15,"VIDEO",21000,1395,1833,539000,"#Scandal"
"Serie 2",,30/10/15,"FOTO",12000,208,131,,"#FashionFriday #Scandal"
"Serie 2",,31/10/15,"LINK",1900,66,95,,"#Halloween"
"Serie 2",,31/10/15,"VIDEO",6800,360,460,188000,"#Scandal"
"Serie 2",,31/10/15,"VIDEO",3500,110,144,130000,"#Scandal"
"Serie 2",,01/11/15,"VIDEO",4100,178,196,105000,"#Scandal"
"Serie 2",,02/11/15,"VIDEO",5100,108,277,173000,"#MondayMotivation #Scandal"
"Serie 2",,03/11/15,"LINK",1300,50,62,,"#Scandal"
"Serie 2",,03/11/15,"LINK",2400,81,105,,"#Scandal"
"Serie 2",,04/11/15,"LINK",2400,183,122,,"#Scandal"
"Serie 2",,04/11/15,"FOTO",3400,79,106,,"#Scandal"
"Serie 2","7x5",05/11/15,"VIDEO",6300,221,611,379000,"#Scandal"
"Serie 2",,05/11/15,"FOTO",10000,108,183,,"#TGIT #Scandal"
"Serie 2",,05/11/15,"VIDEO",7800,356,854,234000,"#Scandal"
"Serie 2",,06/11/15,"FOTO",2700,68,62,,"#ScandalHigh"
"Serie 2",,06/11/15,"FOTO",12000,371,209,,"#Scandal"
"Serie 2",,06/11/15,"FOTO",7200,326,202,,"#Scandal"
"Serie 2",,06/11/15,"FOTO",17000,993,587,,"#Scandal"
"Serie 2",,06/11/15,"VIDEO",8400,428,610,216000,"#Scandal"
"Serie 2",,06/11/15,"FOTO",10000,247,200,," #Scandal #FashionFriday"
"Serie 2",,07/11/15,"VIDEO",4800,317,523,131000,"#Scandal"
"Serie 2",,07/11/15,"VIDEO",7600,443,449,177000,"#Scandal"
"Serie 2",,08/11/15,"FOTO",12000,342,435,,"#Scandal"
"Serie 2",,10/11/15,"LINK",9200,422,998,,
"Serie 2",,11/11/15,"VIDEO",7800,417,948,217000,"#Scandal"
"Serie 2",,11/11/15,"LINK",283,15,,,"#TGIT #TheSpinOff #KCRW"
"Serie 2",,11/11/15,"FOTO",13000,164,132,,"#TGIT #Scandal"
"Serie 2","8x5",12/11/15,"LINK",1700,127,107,,"#Scandal"
"Serie 2",,12/11/15,"VIDEO",3500,172,346,88000,"#Scandal"
"Serie 2",,12/11/15,"VIDEO",5300,501,673,144000,"#Scandal"
"Serie 2",,13/11/15,"FOTO",2500,129,165,,"#Scandal"
"Serie 2",,13/11/15,"FOTO",2300,173,60,,"#Scandal"
"Serie 2",,13/11/15,"FOTO",12000,603,296,,"#Scandal"
"Serie 2",,13/11/15,"LINK",657,40,,,
"Serie 2",,13/11/15,"VIDEO",19000,1339,1814,916000,"#Scandal"
"Serie 2",,13/11/15,"FOTO",4200,177,37,,"#FashionFriday #Scandal"
"Serie 2",,14/11/15,"VIDEO",2100,70,156,69000,"#Scandal"
"Serie 2",,14/11/15,"LINK",1100,59,50,,"#Gladiators #Scandal"
"Serie 2",,14/11/15,"FOTO",8100,306,323,,"#Scandal"
"Serie 2",,17/11/15,"VIDEO",7500,428,595,186000,"#Scandal"
"Serie 2",,17/11/15,"LINK",1600,41,67,,"#Scandal"
"Serie 2",,17/11/15,"LINK",2100,54,84,,"#Scandal"
"Serie 2",,18/11/15,"FOTO",2700,92,102,,"#Scandal"
"Serie 2",,18/11/15,"VIDEO",3100,194,412,81000,"#Scandal"
"Serie 2","9x5",19/11/15,"VIDEO",1800,62,138,57000,"#Scandal"
"Serie 2",,19/11/15,"VIDEO",1600,31,145,41000,"#TGIT"
"Serie 2",,19/11/15,"VIDEO",10000,327,1372,534000,"#Scandal"
"Serie 2",,19/11/15,"VIDEO",1900,68,167,45000,"#Scandal"
"Serie 2",,19/11/15,"VIDEO",15000,678,1984,893000,"#Scandal"
"Serie 2",,19/11/15,"LINK",1600,90,78,,"#Scandal"
"Serie 2",,20/11/15,"FOTO",1300,32,43,,"#ScandalHigh "
"Serie 2",,20/11/15,"FOTO",5100,321,180,,"#Scandal"
"Serie 2",,20/11/15,"FOTO",8500,545,222,,"#Scandal"
"Serie 2",,20/11/15,"FOTO",1800,134,95,,"#Scandal"
"Serie 2",,20/11/15,"FOTO",9100,590,99,,"#Scandal"
"Serie 2",,20/11/15,"FOTO",20000,2807,880,,"#Scandal"
"Serie 2",,20/11/15,"FOTO",16000,1276,484,,"#Scandal"
"Serie 2",,20/11/15,"VIDEO",14000,2339,1467,471000,"#Scandal"
"Serie 2",,20/11/15,"LINK",15000,754,934,,"#Scandal"
"Serie 2",,21/11/15,"FOTO",8200,603,196,,"#Scandal"
"Serie 2",,22/11/15,"VIDEO",3800,191,262,91000,"#Scandal"
"Serie 2",,23/11/15,"VIDEO",11000,378,471,278000,"#Mellivia #Scandal"
"Serie 2",,24/11/15,"VIDEO",3000,266,225,165000,"#Gladiators #Scandal"
"Serie 2",,24/11/15,"FOTO",13000,121,113,,"#Scandal"
"Serie 2",,26/11/15,"FOTO",112000,1207,990,,"#Scandal"
"Serie 2",,27/11/15,"LINK",7200,273,239,,"#Scandal"
"Serie 2",,29/11/15,"FOTO",53000,512,335,,"#GulliermoDiaz #HuckleberryQuinn"
"Serie 2",,02/12/15,"LINK",1800,50,59,,"#ScottFoley #Scandal"
"Serie 2",,02/12/15,"FOTO",18000,229,139,,"#Scandal"
"Serie 2",,03/12/15,"FOTO",31000,255,218,,"#Scandal"
"Serie 2",,06/12/15,"LINK",1300,27,78,,"#ScandalHigh #Scandal"
"Serie 2",,08/12/15,"LINK",10000,99,201,,"#Scandal"
"Serie 2",,09/12/15,"VIDEO",6700,152,390,142000,"#Scandal"
"Serie 2",,09/12/15,"FOTO",13000,191,482,,"#Scandal"
"Serie 2",,10/12/15,"FOTO",36000,251,179,,"#TGIT #BellamyYoung #ChandraWilson #Scandal"
"Serie 2",,13/12/15,"FOTO",44000,439,360,,"#Gladiators #Scandal"
"Serie 2",,13/12/15,"LINK",689,47,77,,"#Scandal"
"Serie 2",,14/12/15,"FOTO",68000,1694,1307,,"#MCM #ScottFoley #Scandal"
"Serie 2",,17/12/15,"LINK",1500,27,,,
"Serie 2",,18/12/15,"FOTO",28000,131,278,,"#TBT #AmericanCrime #ReginaKing #Scandal"
"Serie 2",,19/12/15,"LINK",1300,39,53,,
"Serie 2",,23/12/15,"FOTO",19000,124,85,," #Scandal #WCW"
"Serie 2",,24/12/15,"FOTO",37000,250,389,,"#Scandal"
"Serie 2",,25/12/15,"VIDEO",3500,104,223,27000,"#TGIT #Scandal"
"Serie 2",,25/12/15,"LINK",718,42,29,,"#TGITs #GreysAnatomy #Scandal #HTGAWM"
"Serie 2",,27/12/15,"FOTO",40000,334,309,,"#Gladiators #Scandal"
"Serie 2",,29/12/15,"FOTO",30000,212,237,,"#Gladiaors #Scandal"
"Serie 2",,29/12/15,"LINK",514,27,23,,"#Scandal"
"Serie 2",,01/01/16,"FOTO",24000,179,112,,"#Scandal"
"Serie 2",,01/01/16,"FOTO",18000,407,434,,"#Scandal"
"Serie 2",,03/01/16,"FOTO",93000,797,560,,"#Scandal"
"Serie 2",,05/01/16,"FOTO",134000,3998,3680,,"#TGIT #Scandal"
"Serie 2",,07/01/16,"FOTO",30000,243,191,,"#Scandal"
"Serie 2",,08/01/16,"VIDEO",7600,427,1196,114000,"#Gladiators #TGIT"
"Serie 2",,10/01/16,"LINK",11000,264,,,"#TCA2016 #Scandal"
"Serie 2",,10/01/16,"FOTO",22000,199,171,,"#Scandal"
"Serie 2",,12/01/16,"FOTO",7800,332,1012,,"#TGIT #Scandal"
"Serie 2",,12/01/16,"GIF",7100,57,82,," #Scandal #KissAGingerDay"
"Serie 2",,13/01/16,"LINK",2300,100,141,," #Scandal #TGIT"
"Serie 2",,14/01/16,"FOTO",62000,634,577,,"#Scandal"
"Serie 2",,15/01/16,"VIDEO",79000,3769,20277,1600000,"#Scandal #SuitUpGladiators"
"Serie 2",,15/01/16,"FOTO",3100,101,70,,"#shelfie #MagicOfStorytelling"
"Serie 2",,17/01/16,"FOTO",38000,755,249,,"#Scandal"
"Serie 2",,18/01/16,"FOTO",15000,138,81,,"#BellamyYoung #KatieLowes #BachelorBen #Scandal"
"Serie 2",,19/01/16,"FOTO",47000,566,414,,"#TonyGoldwin #JeffPerry #Scandal"
"Serie 2",,21/01/16,"GIF",7000,502,398,,"#Scandal"
"Serie 2",,21/01/16,"VIDEO",48000,4227,13054,1000000,"#SuitUpGladiators #TGIT #Scandal"
"Serie 2",,23/01/16,"GIF",22000,318,759,,"#Scandal"
"Serie 2",,24/01/16,"LINK",3400,70,91,,"#Scandal"
"Serie 2",,24/01/16,"FOTO",49000,348,253,,"#Scandal"
"Serie 2",,26/01/16,"FOTO",14000,70,77,,"#Scandal"
"Serie 2",,28/01/16,"VIDEO",9600,349,1853,134000,"#SuitUpGladiators #TGIT #Scandal"
"Serie 2",,30/01/16,"LINK",1800,71,79,,"#Scandal"
"Serie 2",,30/01/16,"FOTO",3700,97,92,,"#PaleyFest #Scandal"
"Serie 2",,31/01/16,"FOTO",65000,1065,713,,
"Serie 2",,01/02/16,"FOTO",15000,297,275,,"#TGIT #Scandal"
"Serie 2",,03/02/16,"LINK",8400,199,222,,"#Scandal"
"Serie 2",,04/02/16,"VIDEO",22000,777,3098,675000,"#Scandal"
"Serie 2",,05/02/16,"LINK",4400,146,204,,"#Scandal #Gladiators #TGIT"
"Serie 2",,05/02/16,"VIDEO",4700,108,259,107000,"#TGIT #Scandal"
"Serie 2",,05/02/16,"FOTO",33000,1082,1522,,"#Scandal"
"Serie 2",,05/02/16,"LINK",6800,152,333,,"#TGIT #Scandal"
"Serie 2",,05/02/16,"VIDEO",51000,2136,8418,1300000,"#Scandal"
"Serie 2",,06/02/16,"VIDEO",4500,188,602,81000,"#Scandal"
"Serie 2",,07/02/16,"LINK",476,33,38,,"#TGIT #Scandal"
"Serie 2",,08/02/16,"GIF",10000,236,721,,"#TGIT #Scandal"
"Serie 2",,08/02/16,"LINK",1300,35,94,,"#TGIT #Scandal"
"Serie 2",,09/02/16,"VIDEO",17000,1080,3093,339000,"#SuitUpGladiators #TGIT #Scandal"
"Serie 2",,09/02/16,"LINK",8500,187,456,,"#Scandal"
"Serie 2",,10/02/16,"FOTO",12000,121,255,,"#Scandal"
"Serie 2",,10/02/16,"LINK",5000,99,132,,"#SmellyMellie"
"Serie 2",,10/02/16,"VIDEO",12000,361,1567,188000,"#TGIT #Scandal"
"Serie 2",,10/02/16,"FOTO",5100,261,243,,"#TGIT #Scandal"
"Serie 2","10x5",11/02/16,"VIDEO",1700,44,164,21000,"#TGIT #Scandal"
"Serie 2",,11/02/16,"VIDEO",51000,2098,13795,1300000,"#SuitUpGladiators #TGIT #Scandal"
"Serie 2",,11/02/16,"VIDEO",95000,7934,9077,3900000,"#TGIT #Scandal"
"Serie 2",,11/02/16,"VIDEO",3400,199,1051,51000,"#SuitUpGladiators #TGIT #Scandal"
"Serie 2",,11/02/16,"GIF",8600,205,771,,"#TGIT #Scandal"
"Serie 2",,11/02/16,"LINK",1200,22,,,"#TGIT #GreysAnatomy"
"Serie 2",,12/02/16,"VIDEO",2000,119,520,25000,"#Scandal #TGIT #SuitUpGladiators"
"Serie 2",,12/02/16,"LINK",458,17,,,"#TGIT #HTGAWM"
"Serie 2",,12/02/16,"FOTO",12000,329,451,,"#Scandal"
"Serie 2",,12/02/16,"FOTO",2800,73,50,,"#Scandal"
"Serie 2",,12/02/16,"LINK",637,35,14,,
"Serie 2",,12/02/16,"FOTO",22000,881,559,,"#Scandal"
"Serie 2",,12/02/16,"VIDEO",7400,221,377,192000,"#Scandal"
"Serie 2",,12/02/16,"FOTO",6300,166,173,,"#FashionFriday #TGIT #Scandal"
"Serie 2",,12/02/16,"LINK",1100,71,54,,"#TGIT #Scandal"
"Serie 2",,13/02/16,"LINK",799,102,45,,
"Serie 2",,13/02/16,"LINK",11000,365,480,,"#TGIT #Scandal"
"Serie 2",,13/02/16,"VIDEO",3100,146,239,38000,"#Scandal"
"Serie 2",,14/02/16,"FOTO",2200,110,102,,"#Scandal"
"Serie 2",,14/02/16,"FOTO",6200,137,94,,"#Scandal"
"Serie 2",,14/02/16,"LINK",6900,155,453,,"#Scandal"
"Serie 2",,14/02/16,"LINK",1400,68,55,,"#Scandal"
"Serie 2",,15/02/16,"VIDEO",6000,148,152,177000,"#Scandal"
"Serie 2",,15/02/16,"VIDEO",24000,1033,3797,718000,"#Scandal"
"Serie 2",,16/02/16,"FOTO",7400,817,119,,"#Scandal"
"Serie 2",,17/02/16,"VIDEO",2100,134,216,39000,"#Scandal"
"Serie 2",,18/02/16,"FOTO",5400,97,107,,"#Scandal"
"Serie 2",,18/02/16,"GIF",25000,875,3721,,"#NationalDrinkWineDay #Scandal #TGIT"
"Serie 2",,18/02/16,"LINK",4100,330,228,,"#TGIT #Scandal"
"Serie 2",,18/02/16,"LINK",27000,955,1306,,"#Scandal"
"Serie 2",,18/02/16,"VIDEO",2700,84,302,31000,"#TGIT #Scandal"
"Serie 2",,19/02/16,"VIDEO",6900,543,451,308000,"#Scandal"
"Serie 2",,19/02/16,"FOTO",15000,394,468,,"#Scandal"
"Serie 2",,19/02/16,"VIDEO",7300,246,233,207000,"#Scandal"
"Serie 2",,19/02/16,"FOTO",6600,128,85,,"#Scandal"
"Serie 2",,19/02/16,"FOTO",39000,654,369,,"#Scandal"
"Serie 2",,19/02/16,"VIDEO",7900,223,295,198000,"#Mellivia #Scandal"
"Serie 2",,19/02/16,"VIDEO",8300,273,339,228000,"#Scandal"
"Serie 2",,20/02/16,"VIDEO",848,100,75,29000,"#TGIT #Disneyland60"
"Serie 2",,20/02/16,"VIDEO",9000,648,637,340000,"#Scandal"
"Serie 2",,20/02/16,"VIDEO",5900,249,221,221000,"#Scandal"
"Serie 2",,21/02/16,"LINK",884,67,63,,"#TGIT #Scandal"
"Serie 2",,21/02/16,"FOTO",1800,194,71,,"#Scandal"
"Serie 2",,22/02/16,"VIDEO",1000,410,54,23000,"#Disneyland60"
"Serie 2",,22/02/16,"VIDEO",7100,199,175,166000,"#Scandal"
"Serie 2",,23/02/16,"FOTO",41000,631,505,,"#Scandal"
"Serie 2",,23/02/16,"VIDEO",13000,488,1093,357000,"#Scandal"
"Serie 2",,24/02/16,"FOTO",9100,116,122,,"#Scandal"
"Serie 2",,24/02/16,"LINK",1300,58,37,,"#Scandal"
"Serie 2","12x5",25/02/16,"LINK",4000,114,123,,"#Scandal"
"Serie 2",,25/02/16,"VIDEO",1100,104,60,25000,"#TGIT #Scandal"
"Serie 2",,25/02/16,"VIDEO",1700,156,147,33000,"#Scandal"
"Serie 2",,25/02/16,"VIDEO",2800,154,180,77000,"#Scandal"
"Serie 2",,26/02/16,"VIDEO",1300,72,91,28000,"#TGIT #Scandal"
"Serie 2",,26/02/16,"VIDEO",1500,174,94,16000,"#Scandal"
"Serie 2",,26/02/16,"FOTO",15000,365,310,,"#Scandal"
"Serie 2",,26/02/16,"VIDEO",1700,78,83,36000,"#Scandal"
"Serie 2",,26/02/16,"FOTO",4400,94,55,,"#FashionFriday #Scandal"
"Serie 2",,27/02/16,"VIDEO",9500,182,242,214000,"#SassyAbby #Scandal"
"Serie 2",,27/02/16,"FOTO",2300,87,56,,"#Scandal"
"Serie 2",,27/02/16,"VIDEO",1800,68,86,37000,"#Scandal"
"Serie 2",,28/02/16,"FOTO",33000,237,218,,
"Serie 2",,28/02/16,"VIDEO",1300,47,40,32000,"#Oscars"
"Serie 2",,01/03/16,"FOTO",2800,68,63,,"#Scandal"
"Serie 2",,01/03/16,"FOTO",4600,80,77,,"#PaleyFest #Scandal"
"Serie 2",,03/03/16,"FOTO",26000,174,149,,"#Scandal"
"Serie 2",,04/03/16,"FOTO",68000,1526,2556,,"#Scandal"
"Serie 2",,04/03/16,"LINK",5800,236,280,,"#Scandal"
"Serie 2",,05/03/16,"GIF",2300,80,30,,"#Scandal"
"Serie 2",,07/03/16,"VIDEO",8900,227,619,324000,"#Scandal"
"Serie 2",,07/03/16,"FOTO",5900,115,122,,"#Scandal"
"Serie 2",,07/03/16,"LINK",4100,77,124,,"#Scandal"
"Serie 2",,08/03/16,"FOTO",7200,56,120,,"#InternationalWomensDay #Scandal"
"Serie 2",,09/03/16,"FOTO",8700,137,265,,"#Scandal"
"Serie 2",,09/03/16,"FOTO",5700,139,76,,"#Scandal"
"Serie 2","13x5",10/03/16,"LINK",1700,59,84,,"#Scandal"
"Serie 2",,10/03/16,"VIDEO",2100,108,176,31000,"#TGIT #Scandal"
"Serie 2",,11/03/16,"VIDEO",12000,628,501,436000,"#Scandal"
"Serie 2",,11/03/16,"FOTO",2700,66,75,,
"Serie 2",,11/03/16,"FOTO",10000,662,213,,
"Serie 2",,11/03/16,"VIDEO",7100,367,363,210000,"#OMG #Scandal"
"Serie 2",,11/03/16,"FOTO",11000,158,131,,"#FashionFriday #Scandal"
"Serie 2",,12/03/16,"VIDEO",12000,417,616,297000,"#Scandal"
"Serie 2",,12/03/16,"VIDEO",6000,146,304,221000,"#Scandal"
"Serie 2",,12/03/16,"VIDEO",4900,212,128,155000,
"Serie 2",,13/03/16,"LINK",4800,146,157,,"#Scandal"
"Serie 2",,13/03/16,"FOTO",2100,89,41,,"#Scandal"
"Serie 2",,14/03/16,"VIDEO",6400,218,302,227000,"#Scandal"
"Serie 2",,14/03/16,"FOTO",1600,37,33,,"#Gladiators"
"Serie 2",,15/03/16,"FOTO",5400,79,55,,"#Scandal"
"Serie 2",,15/03/16,"LINK",829,35,30,,"#SassyAbby #Scandal"
"Serie 2",,16/03/16,"FOTO",3200,50,59,,"#AboutLastNight #PaleyFest #Scandal"
"Serie 2",,16/03/16,"FOTO",4400,34,57,,"#PaleyFest #Scandal"
"Serie 2",,16/03/16,"FOTO",1300,39,44,,"#Scandal"
"Serie 2","14x2",17/03/16,"LINK",3800,419,180,,"#Scandal"
"Serie 2",,17/03/16,"VIDEO",2000,75,203,33000,"#Scandal"
"Serie 2",,17/03/16,"LINK",5400,183,176,,"#Scandal"
"Serie 2",,17/03/16,"VIDEO",4200,387,475,84000,"#Scandal"
"Serie 2",,18/03/16,"FOTO",14000,255,230,,"#Scandal"
"Serie 2",,18/03/16,"FOTO",2700,136,78,,"#Scandal"
"Serie 2",,18/03/16,"VIDEO",3900,247,112,121000,
"Serie 2",,18/03/16,"FOTO",16000,535,89,,
"Serie 2",,18/03/16,"VIDEO",9600,245,425,286000,"#Quinning #Scandal"
"Serie 2",,18/03/16,"VIDEO",7500,247,484,155000,"#Scandal"
"Serie 2",,18/03/16,"LINK",1100,63,32,,"#Scandal"
"Serie 2",,19/03/16,"VIDEO",4900,166,326,142000,
"Serie 2",,19/03/16,"VIDEO",8100,293,295,208000,
"Serie 2",,20/03/16,"FOTO",1400,72,45,,"#Scandal"
"Serie 2",,21/03/16,"VIDEO",12000,442,859,373000,"#Scandal"
"Serie 2",,21/03/16,"VIDEO",6900,186,288,150000,"#MondayMotivation #Scandal"
"Serie 2",,22/03/16,"LINK",198,4,,,"#TGIT #TheCatch"
"Serie 2",,22/03/16,"LINK",181,11,,,"#TGIT"
"Serie 2",,22/03/16,"FOTO",66000,2508,1104,,"#Scandal"
"Serie 2",,23/03/16,"LINK",840,44,32,,"#Scandal"
"Serie 2",,23/03/16,"VIDEO",3500,85,154,123000,"#Scandal"
"Serie 2","15x5",24/03/16,"VIDEO",6200,163,322,284000,
"Serie 2",,24/03/16,"VIDEO",14000,319,1466,518000,"#TGIT #Scandal"
"Serie 2",,24/03/16,"VIDEO",22000,635,2431,908000,"#TGIT #Scandal"
"Serie 2",,24/03/16,"VIDEO",1800,128,136,38000,"#TGIT #TheCatch"
"Serie 2",,25/03/16,"FOTO",5000,149,86,,
"Serie 2",,25/03/16,"FOTO",13000,290,605,,
"Serie 2",,25/03/16,"FOTO",7200,180,244,,
"Serie 2",,25/03/16,"VIDEO",3700,95,70,177000,
"Serie 2",,25/03/16,"VIDEO",8900,459,548,242000,"#Scandal"
"Serie 2",,25/03/16,"LINK",5700,103,70,,"#Scandal"
"Serie 2",,25/03/16,"VIDEO",8100,174,269,226000,"#Scandal"
"Serie 2",,26/03/16,"LINK",1700,49,61,,"#Scandal"
"Serie 2",,26/03/16,"VIDEO",3700,88,128,140000,"#Scandal"
"Serie 2",,27/03/16,"VIDEO",4100,101,127,175000,"#Burgergate2016 #Scandal"
"Serie 2",,28/03/16,"FOTO",686,75,45,,"#Scandal"
"Serie 2",,29/03/16,"LINK",4000,96,110,,"#Scandal"
"Serie 2",,29/03/16,"FOTO",25000,454,758,,"#Scandal"
"Serie 2",,30/03/16,"LINK",270,24,11,,
"Serie 2",,30/03/16,"FOTO",1700,68,108,,"#Scandal"
"Serie 2",,30/03/16,"VIDEO",9000,366,375,271000,"#Scandal"
"Serie 2","16x5",31/03/16,"LINK",388,18,12,,
"Serie 2",,31/03/16,"LINK",3700,47,85,,"#Scandal"
"Serie 2",,31/03/16,"LINK",830,37,31,,
"Serie 2",,31/03/16,"FOTO",557,31,13,,"#Scandal"
"Serie 2",,01/04/16,"VIDEO",2500,205,256,50000,"#Scandal"
"Serie 2",,01/04/16,"FOTO",2700,177,162,,
"Serie 2",,01/04/16,"GIF",19000,759,999,,
"Serie 2",,01/04/16,"FOTO",11000,297,188,,
"Serie 2",,01/04/16,"FOTO",2100,80,45,,
"Serie 2",,01/04/16,"VIDEO",12000,354,547,287000,
"Serie 2",,01/04/16,"FOTO",52000,829,370,,"#Scandal"
"Serie 2",,01/04/16,"VIDEO",1400,39,60,30000,"#BestOfTGIT #ReadyForAnything "
"Serie 2",,02/04/16,"LINK",1000,43,25,,"#Scandal"
"Serie 2",,02/04/16,"FOTO",6300,67,97,,
"Serie 2",,02/04/16,"VIDEO",5100,225,298,147000,"#Scandal"
"Serie 2",,03/04/16,"VIDEO",4300,357,567,62000,"#Scandal"
"Serie 2",,03/04/16,"VIDEO",6100,136,154,186000,
"Serie 2",,04/04/16,"VIDEO",6400,135,210,213000,
"Serie 2",,05/04/16,"GIF",1800,22,54,,"#Scandal"
"Serie 2",,05/04/16,"FOTO",6300,105,119,,"#Scandal"
"Serie 2",,05/04/16,"VIDEO",4100,79,186,169000,"#Scandal"
"Serie 2",,06/04/16,"FOTO",1200,33,24,,
"Serie 2",,06/04/16,"FOTO",6600,370,128,,"#Scandal"
"Serie 2",,06/04/16,"LINK",4600,95,103,,"#Scandal"
"Serie 2",,06/04/16,"LINK",6200,627,608,,
"Serie 2",,06/04/16,"FOTO",2100,101,136,,"#Scandal"
"Serie 2","17x5",07/04/16,"VIDEO",4300,164,181,174000,"#Scandal"
"Serie 2",,07/04/16,"VIDEO",4100,231,567,79000,"#TGIT #Scandal"
"Serie 2",,07/04/16,"VIDEO",2900,146,361,76000,"#Scandal"
"Serie 2",,08/04/16,"VIDEO",3000,381,360,90000,"#Scandal"
"Serie 2",,08/04/16,"FOTO",17000,1992,789,,
"Serie 2",,08/04/16,"LINK",1400,143,60,,
"Serie 2",,08/04/16,"FOTO",12000,112,1818,,"#THWACK"
"Serie 2",,08/04/16,"VIDEO",6800,505,407,215000,
"Serie 2",,08/04/16,"VIDEO",17000,1291,1755,464000,
"Serie 2",,09/04/16,"LINK",2300,227,118,,"#Scandal"
"Serie 2",,10/04/16,"VIDEO",5300,157,148,190000,"#Scandal"
"Serie 2",,11/04/16,"VIDEO",6900,183,267,266000,
"Serie 2",,12/04/16,"FOTO",3200,127,144,,
"Serie 2",,13/04/16,"LINK",5500,191,96,,"#SassyAbby"
"Serie 2",,14/04/16,"FOTO",5000,95,99,,
"Serie 2",,14/04/16,"GIF",4500,208,123,,"#Scandal"
"Serie 2",,15/04/16,"LINK",5100,254,530,,
"Serie 2",,17/04/16,"LINK",5900,66,74,,
"Serie 2",,19/04/16,"VIDEO",6400,411,681,123000,"#Scandal"
"Serie 2",,18/04/16,"LINK",2300,96,127,,
"Serie 2",,19/04/16,"GIF",7000,446,1201,,"#Scandal"
"Serie 2",,19/04/16,"VIDEO",10000,412,859,529000,
"Serie 2",,20/04/16,"VIDEO",2900,106,215,108000,"#Scandal"
"Serie 2",,20/04/16,"LINK",6000,215,341,,
"Serie 2","18x5",21/04/16,"LINK",2500,252,210,,
"Serie 2",,21/04/16,"VIDEO",10000,288,525,354000,
"Serie 2",,21/04/16,"VIDEO",1400,104,158,53000,"#Scandal"
"Serie 2",,22/04/16,"VIDEO",1800,346,148,55000,"#Scandal"
"Serie 2",,22/04/16,"FOTO",15000,905,409,,
"Serie 2",,22/04/16,"FOTO",16000,781,357,,
"Serie 2",,22/04/16,"VIDEO",17000,2749,3288,471000,
"Serie 2",,22/04/16,"LINK",1500,254,72,,"#Scandal"
"Serie 2",,23/04/16,"VIDEO",3300,167,144,63000,
"Serie 2",,24/04/16,"GIF",2800,64,74,,"#Scandal"
"Serie 2",,24/04/16,"LINK",9700,387,376,,
"Serie 2",,25/04/16,"VIDEO",6600,350,192,217000,
"Serie 2",,26/04/16,"LINK",1400,43,77,,
"Serie 2",,26/04/16,"VIDEO",4200,90,91,163000,
"Serie 2",,26/04/16,"VIDEO",3100,339,258,76000,
"Serie 2",,27/04/16,"FOTO",3600,136,103,,"#Scandal"
"Serie 2",,27/04/16,"LINK",887,16,,,"#Scandal"
"Serie 2","19x5",28/04/16,"LINK",3700,147,156,,
"Serie 2",,28/04/16,"VIDEO",4200,244,226,130000,"#Scandal"
"Serie 2",,28/04/16,"VIDEO",10000,651,849,337000,
"Serie 2",,29/04/16,"GIF",22000,826,1922,,
"Serie 2",,29/04/16,"TESTO",6500,143,538,,
"Serie 2",,29/04/16,"VIDEO",2800,83,62,180000,
"Serie 2",,29/04/16,"FOTO",24000,455,145,,
"Serie 2",,29/04/16,"VIDEO",6600,271,313,220000,
"Serie 2",,30/04/16,"LINK",7100,276,308,,
"Serie 2",,30/04/16,"LINK",1000,60,31,,"#Scandal"
"Serie 2",,01/05/16,"GIF",4600,317,387,,"#Scandal"
"Serie 2",,01/05/16,"VIDEO",7300,244,265,197000,
"Serie 2",,02/05/16,"VIDEO",2200,71,13,149000,
"Serie 2",,02/05/16,"LINK",1200,63,60,,
"Serie 2",,03/05/16,"VIDEO",1600,70,84,28000,
"Serie 2",,03/05/16,"VIDEO",6700,354,508,270000,
"Serie 2",,04/05/16,"VIDEO",5100,153,352,255000,
"Serie 2","20x5",05/05/16,"LINK",995,49,50,,"#ThrowbackThursday"
"Serie 2",,05/05/16,"GIF",3400,98,113,,"#Scandal #JustSaying"
"Serie 2",,05/05/16,"VIDEO",3400,127,193,94000,
"Serie 2",,06/05/16,"FOTO",2300,249,82,,"#Scandal #WhatWouldOliviaPopeDo"
"Serie 2",,06/05/16,"VIDEO",1900,224,81,27000,
"Serie 2",,06/05/16,"VIDEO",9100,467,1532,184000,"#Scandal"
"Serie 2",,07/05/16,"VIDEO",1700,61,55,54000,"#BestOfTGIT #ReadyForAnuything #ZYTREC"
"Serie 2",,07/05/16,"LINK",719,82,34,,
"Serie 2",,08/05/16,"GIF",2700,151,79,,"#Scandal"
"Serie 2",,09/05/16,"VIDEO",6100,389,732,149000,"#Scandal"
"Serie 2",,10/05/16,"VIDEO",3800,233,189,51000,"#SaveJake"
"Serie 2",,10/05/16,"LINK",2900,75,73,,
"Serie 2",,11/05/16,"VIDEO",2300,63,153,36000,"#ScandalFinale #TGIT"
"Serie 2",,11/05/16,"LINK",5200,227,222,,
"Serie 2","21x5 finale",12/05/16,"LINK",1000,38,51,,
"Serie 2",,12/05/16,"LINK",3600,120,102,,
"Serie 2",,12/05/16,"VIDEO",29000,1196,3760,1500000,
"Serie 2",,12/05/16,"VIDEO",5900,183,278,272000,
"Serie 2",,12/05/16,"FOTO",1000,28,30,,"#Scandal"
"Serie 2",,13/05/16,"VIDEO",7700,236,411,221000,
"Serie 2",,13/05/16,"FOTO",14000,466,414,,
"Serie 2",,13/05/16,"VIDEO",7900,459,563,224000,
"Serie 2",,13/05/16,"VIDEO",9900,527,741,172000,
"Serie 2",,13/05/16,"LINK",5300,187,196,,
"Serie 2",,13/05/16,"VIDEO",6100,280,353,177000,
"Serie 2",,14/05/16,"LINK",1900,186,,,
"Serie 2",,14/05/16,"LINK",3400,77,99,,
"Serie 2",,15/05/16,"LINK",1400,56,46,,"#ShondalandRevealed"
"Serie 2",,15/05/16,"GIF",2500,69,89,,"#Scandal"
"Serie 2",,16/05/16,"VIDEO",10000,295,936,177000,"#MondayMotivation"
"Serie 2",,16/05/16,"VIDEO",2100,93,151,53000,
"Serie 2",,17/05/16,"VIDEO",8400,333,365,146000,
"Serie 2",,18/05/16,"LINK",420,41,31,,
"Serie 2",,18/05/16,"LINK",9000,621,1,,"#WednesdayWisdom"
"Serie 2",,19/05/16,"LINK",2600,55,80,,
"Serie 2",,20/05/16,"FOTO",61000,1901,1057,,
"Serie 2",,22/05/16,"LINK",5100,77,149,,"#Scandal"
"Serie 2",,25/05/16,"VIDEO",4200,44,88,138000,
"Serie 2",,25/05/16,"FOTO",15000,535,2252,,"#NationalWineDay"
"Serie 2",,26/05/16,"LINK",1300,27,28,,"#Scandal"
"Serie 2",,31/05/16,"VIDEO",4200,107,91,172000,
"Serie 3",,01/09/15,"VIDEO",7900,172,1704,113000,"#HTGAWM"
"Serie 3",,01/09/15,"LINK",2100,70,34,79,"#HTGAWM"
"Serie 3",,01/09/15,"FOTO",391,24,13,,"#TGIT #HowDoYouTGIT   #HTGAWM"
"Serie 3",,02/09/15,"LINK",7900,71,577,," #HTGAWM #TGIT"
"Serie 3",,02/09/15,"FOTO",5900,55,335,,"#TGIT #Shondaland #EWTGIT"
"Serie 3",,03/09/15,"FOTO",54500,455,3731,," #HTGAWM #TGIT"
"Serie 3",,05/09/15,"FOTO",25500,226,2366,," #HTGAWM #TGIT"
"Serie 3",,05/09/15,"FOTO",5400,74,417,,"#TGIT #HTGAWM"
"Serie 3",,06/09/15,"FOTO",32700,137,256,,"#HTGAWM"
"Serie 3",,07/09/15,"LINK",4900,99,165,,"#HTGAWM"
"Serie 3",,07/09/15,"FOTO",22300,316,276,,"#TGIT #HTGAWM"
"Serie 3",,07/09/15,"FOTO",7600,90,681,,"#TGIT"
"Serie 3",,09/09/15,"VIDEO",52900,1334,10996,3100000,"#HTGAWM"
"Serie 3",,09/09/15,"LINK",1800,20,103,,"#15DaysOfHTGAWM"
"Serie 3",,09/09/15,"FOTO",13200,115,1233,,"#15DaysOfHTGAWM #HTGAWM"
"Serie 3",,10/09/15,"FOTO",24500,259,3500,,"#TGIT #HTGAWM"
"Serie 3",,10/09/15,"LINK",1300,19,32,,"#15DaysOfHTGAWM"
"Serie 3",,10/09/15,"FOTO",13200,68,302,,"#HTGAWM"
"Serie 3",,10/09/15,"FOTO",7800,63,459,," #HTGAWM #15DaysOfHTGAWM"
"Serie 3",,11/09/15,"FOTO",6100,87,460,,"#HTGAWM"
"Serie 3",,11/09/15,"FOTO",10500,90,220,,"#SquadGoals #TGIT #HowDoYouTGIT"
"Serie 3",,11/09/15,"LINK",3200,26,76,,"#15DaysOfHTGAWM"
"Serie 3",,11/09/15,"FOTO",3700,29,227,," #HTGAWM #15DaysOfHTGAWM"
"Serie 3",,12/09/15,"LINK",840,3,19,," #HTGAWM #15DaysOfHTGAWM"
"Serie 3",,12/09/15,"LINK",6700,57,137,,"#HTGAWM"
"Serie 3",,12/09/15,"FOTO",4800,54,121,,"#TGIT #HTGAWM"
"Serie 3",,12/09/15,"FOTO",10100,70,444,,"#15DaysOfHTGAWM "
"Serie 3",,13/09/15,"LINK",989,10,16,,"#15DaysOfHTGAWM   #HTGAWM"
"Serie 3",,13/09/15,"FOTO",3500,25,129,,"#15DaysOfHTGAWM   #HTGAWM"
"Serie 3",,14/09/15,"LINK",1000,7,14,,"#15DaysOfHTGAWM   #HTGAWM"
"Serie 3",,14/09/15,"FOTO",7100,61,428,,"   #HTGAWM  #15DaysOfTGIT"
"Serie 3",,15/09/15,"VIDEO",12600,137,722,657000,"#TGIT #HowDoYouTGIT   #HTGAWM"
"Serie 3",,15/09/15,"LINK",949,8,11,,"#15DaysOfHTGAWM"
"Serie 3",,15/09/15,"FOTO",1000,9,9,,"  #HTGAWM"
"Serie 3",,15/09/15,"FOTO",2300,24,58,,"  #HTGAWM"
"Serie 3",,15/09/15,"FOTO",3000,17,154,,"  #HTGAWM"
"Serie 3",,16/09/15,"FOTO",2900,7,13,,"  #HTGAWM"
"Serie 3",,16/09/15,"LINK",652,9,7,,"#15DaysOfHTGAWM"
"Serie 3",,16/09/15,"FOTO",2500,13,267,,"#15DaysOfHTGAWM"
"Serie 3",,17/09/15,"VIDEO",711,5,67,10000,"  #HTGAWM #TGIT"
"Serie 3",,18/09/15,"FOTO",6200,5,471,," #HTGAWM #TGIT"
"Serie 3",,18/09/15,"LINK",692,8,10,," #HTGAWM #15DaysOfHTGAWM"
"Serie 3",,18/09/15,"FOTO",1100,3,103,," #HTGAWM #TGIT"
"Serie 3",,18/09/15,"FOTO",6000,7,285,," #HTGAWM #15DaysOfHTGAWM"
"Serie 3",,19/09/15,"FOTO",3000,59,570,,"#Emmy #HTGAWM"
"Serie 3",,19/09/15,"LINK",718,6,11,,"#HTGAWM"
"Serie 3",,19/09/15,"VIDEO",2100,34,157,19000,"#HTGAWM"
"Serie 3",,19/09/15,"FOTO",9400,13,335,," #HTGAWM #15DaysOfHTGAWM"
"Serie 3",,19/09/15,"LINK",788,4,33,,"#HTGAWM"
"Serie 3",,20/09/15,"LINK",1800,10,57,," #HTGAWM #15DaysOfHTGAWM"
"Serie 3",,20/09/15,"FOTO",24900,207,355,,"#HTGAWM"
"Serie 3",,20/09/15,"VIDEO",6900,129,607,60000,"#HTGAWM"
"Serie 3",,20/09/15,"FOTO",1200,,46,,"#TGIT #HTGAWM"
"Serie 3",,20/09/15,"FOTO",15500,105,717,,"#HTGAWM #15DaysOfHTGAWM"
"Serie 3",,21/09/15,"FOTO",64400,1391,7443,,"#HTGAWM"
"Serie 3",,21/09/15,"LINK",1600,26,28,," #HTGAWM #15DaysOfHTGAWM"
"Serie 3",,21/09/15,"LINK",24300,504,3,,"#Emmy"
"Serie 3",,21/09/15,"VIDEO",5100,56,368,49000,"#HTGAWM"
"Serie 3",,22/09/15,"FOTO",2800,10,143,,"#HTGAWM"
"Serie 3",,22/09/15,"LINK",5700,205,2,,"#HTGAWM"
"Serie 3",,22/09/15,"VIDEO",4600,41,377,36000,"#HTGAWM #TGIT"
"Serie 3",,22/09/15,"LINK",917,,33,,"#HTGAWM #15DaysOfHTGAWM"
"Serie 3",,22/09/15,"FOTO",1300,8,36,,"#HTGAWM"
"Serie 3",,22/09/15,"FOTO",62200,448,2047,," #HTGAWM #HowDoYouTGIT"
"Serie 3",,22/09/15,"FOTO",3600,22,204,,"#HTGAWM"
"Serie 3",,23/09/15,"FOTO",10600,102,1052,,"#HTGAWM"
"Serie 3",,23/09/15,"LINK",1000,11,41,," #HTGAWM #15DaysOfHTGAWM"
"Serie 3",,23/09/15,"FOTO",7500,78,755,,"#TGIT #HTGAWM"
"Serie 3",,23/09/15,"FOTO",8300,110,237,,"#Emmy #HTGAWM"
"Serie 3","1x2",24/09/15,"VIDEO",5900,111,1230,109000,"#HTGAWM"
"Serie 3",,24/09/15,"FOTO",6400,175,813,,"#HTGAWM"
"Serie 3",,24/09/15,"VIDEO",8500,219,1383,126000,"#HTGAWM"
"Serie 3",,24/09/15,"VIDEO",11700,165,1466,155000,"#HTGAWM"
"Serie 3",,24/09/15,"VIDEO",4900,118,864,97000,"#HTGAWM"
"Serie 3",,25/09/15,"FOTO",945,48,36,,"#HTGAWM"
"Serie 3",,25/09/15,"FOTO",22700,846,969,,"#HTGAWM"
"Serie 3",,25/09/15,"LINK",810,102,,,"#HTGAWM"
"Serie 3",,25/09/15,"FOTO",9700,398,469,,"#HTGAWM"
"Serie 3",,25/09/15,"FOTO",4100,135,502,,
"Serie 3",,25/09/15,"VIDEO",14000,624,1504,237000,"#HTGAWM"
"Serie 3",,26/09/15,"FOTO",20500,77,588,,"#HTGAWM"
"Serie 3",,27/09/15,"VIDEO",2000,56,167,28000,"#HTGAWM"
"Serie 3",,27/09/15,"LINK",13900,106,287,," #HTGAWM #Emmy"
"Serie 3",,27/09/15,"VIDEO",1900,50,55,32000,"#HTGAWM"
"Serie 3",,28/09/15,"VIDEO",2800,65,196,240000,"#HTGAWM"
"Serie 3",,28/09/15,"VIDEO",7300,505,635,170000,"#HTGAWM"
"Serie 3",,29/09/15,"FOTO",164,0,2,,
"Serie 3",,30/09/15,"LINK",3100,60,157,,"#HTGAWM"
"Serie 3",,30/09/15,"FOTO",3400,21,122,,"#HTGAWM"
"Serie 3","2x2",01/10/15,"VIDEO",5300,148,950,99000,"#HTGAWM"
"Serie 3",,01/10/15,"LINK",2000,60,73,,"#HTGAWM"
"Serie 3",,01/10/15,"VIDEO",30200,315,2204,1300000,"#HTGAWM"
"Serie 3",,01/10/15,"VIDEO",25700,390,1893,1600000,"#HTGAWM"
"Serie 3",,01/10/15,"FOTO",2800,15,61,,"#TGIT #HTGAWM"
"Serie 3",,02/10/15,"VIDEO",5600,292,267,96900,"#HTGAWM"
"Serie 3",,03/10/15,"VIDEO",10000,386,694,151000,"#TGIT #HTGAWM"
"Serie 3",,03/10/15,"VIDEO",10100,465,824,216000,"#Flaurel #HTGAWM"
"Serie 3",,04/10/15,"VIDEO",4300,107,334,74000," #HTGAWM #TGIT"
"Serie 3",,04/10/15,"VIDEO",1800,34,72,32500,"#HTGAWM"
"Serie 3",,04/10/15,"LINK",1500,15,36,,"#Emmy"
"Serie 3",,05/10/15,"FOTO",4100,68,107,,"#HTGAWM"
"Serie 3",,05/10/15,"LINK",1600,41,74,,"#HTGAWM"
"Serie 3",,06/10/15,"LINK",2300,59,114,,"#HTGAWM"
"Serie 3",,07/10/15,"VIDEO",2600,83,133,60000,"#Keating5 #HTGAWM"
"Serie 3",,07/10/15,"FOTO",3000,63,93,,"#HTGAWM"
"Serie 3","3x2",08/10/15,"FOTO",9200,62,332,,"#TGIT #HTGAWM"
"Serie 3",,08/10/15,"VIDEO",10000,343,946,533000,"#TGIT #HTGAWM"
"Serie 3",,09/10/15,"VIDEO",2000,102,148,51000,"#TGIT #HTGAWM"
"Serie 3",,09/10/15,"VIDEO",3100,91,76,61000,"#HTGAWM"
"Serie 3",,09/10/15,"FOTO",5900,189,148,,"#HTGAWM"
"Serie 3",,09/10/15,"VIDEO",3400,104,71,64000,"#HTGAWM"
"Serie 3",,09/10/15,"VIDEO",2100,148,122,43000,"#HTGAWM"
"Serie 3",,10/10/15,"LINK",2500,44,55,,"#HTGAWM"
"Serie 3",,11/10/15,"VIDEO",3000,117,210,66000,"#HTGAWM"
"Serie 3",,11/10/15,"FOTO",5100,53,126,,"#TGIT #HTGAWM"
"Serie 3",,11/10/15,"LINK",1300,21,66,,"#HTGAWM"
"Serie 3",,13/10/15,"VIDEO",5700,115,348,71000,"#HTGAWM"
"Serie 3",,13/10/15,"VIDEO",3200,146,295,84000,"#HTGAWM"
"Serie 3",,13/10/15,"LINK",2900,76,121,,"#HTGAWM"
"Serie 3",,14/10/15,"FOTO",2800,28,100,,"#HTGAWM"
"Serie 3",,14/10/15,"VIDEO",2800,193,277,57000,"#HTGAWM"
"Serie 3","4x2",15/10/15,"FOTO",3900,55,120,,"#HTGAWM"
"Serie 3",,15/10/15,"FOTO",11000,165,215,,"#TGIT #HTGAWM"
"Serie 3",,15/10/15,"VIDEO",2800,298,222,50000,"#HTGAWM"
"Serie 3",,16/10/15,"VIDEO",5100,391,608,117000,"#HTGAWM"
"Serie 3",,16/10/15,"VIDEO",2400,144,123,47000,"#HTGAWM"
"Serie 3",,16/10/15,"FOTO",6200,62,70,,"#FashionFriday #HTGAWM"
"Serie 3",,17/10/15,"FOTO",1700,41,23,,
"Serie 3",,17/10/15,"FOTO",5700,141,220,,"#HTGAWM"
"Serie 3",,18/10/15,"VIDEO",3800,66,142,105000,"#HTGAWM"
"Serie 3",,18/10/15,"FOTO",12000,210,153,,"#HTGAWM"
"Serie 3",,18/10/15,"LINK",1600,51,58,,"#HTGAWM"
"Serie 3",,19/10/15,"VIDEO",4200,81,128,74000,"#HTGAWM"
"Serie 3",,19/10/15,"LINK",1100,33,43,,"#Keating5"
"Serie 3",,20/10/15,"FOTO",2300,40,53,,"#HTGAWM"
"Serie 3",,20/10/15,"LINK",1200,33,55,,"#HTGAWM"
"Serie 3",,20/10/15,"FOTO",2000,46,38,,"#HTGAWM"
"Serie 3",,20/10/15,"FOTO",2700,36,73,,"#HTGAWM"
"Serie 3",,21/10/15,"VIDEO",3800,127,326,106000,"#HTGAWM"
"Serie 3",,21/10/15,"FOTO",2600,73,60,,"#HTGAWM"
"Serie 3",,21/10/15,"VIDEO",3100,180,193,67000,"#HTGAWM"
"Serie 3","5x2",22/10/15,"FOTO",6500,79,80,,"#TGIT #HTGAWM"
"Serie 3",,22/10/15,"VIDEO",1900,64,171,69000,"#HTGAWM"
"Serie 3",,22/10/15,"VIDEO",2000,39,105,54000,"#TGIT"
"Serie 3",,22/10/15,"VIDEO",10000,424,1062,663000,"#HTGAWM"
"Serie 3",,22/10/15,"FOTO",3300,136,133,,"#HTGAWM"
"Serie 3",,23/10/15,"VIDEO",2500,191,96,45000,"#HTGAWM"
"Serie 3",,23/10/15,"FOTO",5700,310,159,,"#HTGAWM"
"Serie 3",,23/10/15,"FOTO",13000,304,319,,"#HTGAWM"
"Serie 3",,23/10/15,"VIDEO",7300,453,380,161000,"#HTGAWM"
"Serie 3",,23/10/15,"FOTO",9200,206,247,,"#HTGAWM"
"Serie 3",,24/10/15,"LINK",2000,74,114,,"#HTGAWM"
"Serie 3",,24/10/15,"FOTO",6200,125,57,,"#HTGAWM"
"Serie 3",,24/10/15,"VIDEO",6600,313,479,142000,"#HTGAWM"
"Serie 3",,25/10/15,"VIDEO",3300,212,162,81000,
"Serie 3",,27/10/15,"VIDEO",4000,93,147,95000,"#HTGAWM"
"Serie 3",,27/10/15,"LINK",1300,57,55,,"#HTGAWM"
"Serie 3",,27/10/15,"FOTO",8100,119,77,,"#HTGAWM"
"Serie 3",,27/10/15,"VIDEO",4500,188,289,83000,"#HTGAWM"
"Serie 3",,28/10/15,"VIDEO",982,107,66,33000,
"Serie 3",,28/10/15,"LINK",1500,35,61,,"#HTGAWM"
"Serie 3",,28/10/15,"FOTO",12000,192,188,,"#TGIT #HTGAWM"
"Serie 3","6x2",29/10/15,"FOTO",3900,116,109,,"#HTGAWM"
"Serie 3",,29/10/15,"FOTO",17000,362,675,,"#TGIT #HTGAWM"
"Serie 3",,29/10/15,"VIDEO",3700,240,400,82000,"#HTGAWM"
"Serie 3",,30/10/15,"FOTO",11000,309,228,,"#HTGAWM"
"Serie 3",,30/10/15,"FOTO",4200,128,100,,"#HTGAWM"
"Serie 3",,30/10/15,"FOTO",35000,2381,1017,,"#HTGAWM"
"Serie 3",,30/10/15,"VIDEO",6100,385,378,137000,"#HTGAWM"
"Serie 3",,30/10/15,"FOTO",10000,141,91,,"#FashionFriday #HTGAWM"
"Serie 3",,31/10/15,"LINK",814,41,21,,
"Serie 3",,31/10/15,"LINK",810,12,14,,
"Serie 3",,31/10/15,"FOTO",7200,85,218,,"#HTGAWM"
"Serie 3",,01/11/15,"LINK",124,14,12,,"#PaleyFest #HTGAWM"
"Serie 3",,01/11/15,"VIDEO",3800,333,586,98000,"#WhoShotAnnalise #HTGAWM"
"Serie 3",,01/11/15,"VIDEO",2900,120,84,62000,"#HTGAWM"
"Serie 3",,02/11/15,"LINK",587,25,20,,"#HTGAWM"
"Serie 3",,03/11/15,"VIDEO",6500,361,773,142000,"#HTGAWM"
"Serie 3",,04/11/15,"FOTO",14000,313,196,,"#HTGAWM"
"Serie 3",,04/11/15,"VIDEO",7400,589,495,111000,"#HTGAWM"
"Serie 3","7x2",05/11/15,"LINK",1300,56,98,,"#HTGAWM"
"Serie 3",,05/11/15,"FOTO",4500,208,147,,"#HTGAWM"
"Serie 3",,05/11/15,"VIDEO",5700,250,280,86000,"#Keating5 #Keating6 #HTGAWM"
"Serie 3",,06/11/15,"FOTO",6200,130,131,,"#HTGAWM"
"Serie 3",,06/11/15,"FOTO",20000,498,363,,"#HTGAWM"
"Serie 3",,06/11/15,"FOTO",9500,314,87,,"#HTGAWM"
"Serie 3",,06/11/15,"FOTO",10000,281,207,,"#HTGAWM"
"Serie 3",,06/11/15,"FOTO",11000,581,352,,"#HTGAWM"
"Serie 3",,06/11/15,"VIDEO",5300,413,496,116000,"#HTGAWM"
"Serie 3",,06/11/15,"FOTO",9100,97,90,,"#HTGAWM"
"Serie 3",,07/11/15,"FOTO",1600,62,39,,"#HTGAWM"
"Serie 3",,07/11/15,"FOTO",7300,192,232,,"#HTGAWM"
"Serie 3",,07/11/15,"VIDEO",8900,610,841,140000,"#WhoShotAnnalise #HTGAWM"
"Serie 3",,08/11/15,"VIDEO",3900,105,190,69000,"#HTGAWM"
"Serie 3",,10/11/15,"VIDEO",2700,139,205,90000,"#HTGAWM"
"Serie 3",,10/11/15,"VIDEO",3000,101,78,65000,"#HTGAWM"
"Serie 3",,10/11/15,"VIDEO",1700,40,58,1700,"#HTGAWM"
"Serie 3",,10/11/15,"LINK",2200,124,135,,"#SaveOllie #HTGAWM"
"Serie 3",,11/11/15,"VIDEO",898,23,40,,"#HTGAWM"
"Serie 3",,11/11/15,"LINK",1900,130,123,,"#HTGAWM"
"Serie 3",,11/11/15,"FOTO",3700,128,80,,"#HTGAWM"
"Serie 3","8x2",12/11/15,"LINK",997,32,54,,"#YahooScreen #HTGAWM #PaleyLive"
"Serie 3",,12/11/15,"FOTO",4800,80,151,,"#HTGAWM"
"Serie 3",,12/11/15,"LINK",251,14,2,,"#Shondaland #TGIT #KCRW"
"Serie 3",,12/11/15,"VIDEO",4900,543,495,83000,"#HTGAWM"
"Serie 3",,13/11/15,"LINK",489,48,1,,
"Serie 3",,13/11/15,"VIDEO",5400,392,408,122000,"#HTGAWM"
"Serie 3",,13/11/15,"FOTO",10000,179,172,,"#FashionFriday #HTGAWM"
"Serie 3",,14/11/15,"LINK",131,5,2,,"#Shondaland #TGIT"
"Serie 3",,14/11/15,"VIDEO",2000,104,102,43000,"#HTGAWM"
"Serie 3",,14/11/15,"VIDEO",3100,107,122,62000,"#HTGAWM"
"Serie 3",,15/11/15,"LINK",3800,118,101,,
"Serie 3",,15/11/15,"FOTO",4500,121,360,,"#HTGAWM"
"Serie 3",,16/11/15,"FOTO",1000,37,12,,"#HTGAWM #TheChew"
"Serie 3",,17/11/15,"GIF",9600,1099,1133,,"#MCM #BillyBrown"
"Serie 3",,17/11/15,"FOTO",3300,170,160,,"#HTGAWM"
"Serie 3",,17/11/15,"FOTO",13000,320,259,,"#HTGAWM"
"Serie 3",,18/11/15,"VIDEO",7000,322,279,103000,"#Flaurel #HTGAWM"
"Serie 3",,18/11/15,"VIDEO",2500,147,237,73000,"#HTGAWM"
"Serie 3",,18/11/15,"VIDEO",3800,174,165,52000,"#HTGAWM"
"Serie 3","9x2",19/11/15,"FOTO",2900,120,195,,"#WhoShotAnnalise #HTGAWM"
"Serie 3",,19/11/15,"VIDEO",1200,38,69,26000,"#TGIT"
"Serie 3",,19/11/15,"VIDEO",26000,1282,3808,1500000,"#HTGAWM"
"Serie 3",,19/11/15,"VIDEO",5200,429,855,80000,"#WhoShotAnnalise #HTGAWM"
"Serie 3",,20/11/15,"VIDEO",2400,117,216,50000,"#HTGAWM"
"Serie 3",,20/11/15,"VIDEO",1100,99,98,214000,"#GreysAnatomy #Scandal #HTGAWM #TGIT"
"Serie 3",,20/11/15,"FOTO",5000,199,99,,"#HTGAWM"
"Serie 3",,20/11/15,"FOTO",9600,566,427,,"#HTGAWM"
"Serie 3",,20/11/15,"FOTO",15000,1024,636,,"#HTGAWM"
"Serie 3",,20/11/15,"FOTO",34000,2994,3307,,"#HTGAWM"
"Serie 3",,20/11/15,"VIDEO",10000,1042,1604,161000,"#HTGAWM"
"Serie 3",,21/11/15,"LINK",1100,42,46,,"#HTGAWM"
"Serie 3",,21/11/15,"FOTO",14000,323,355,,"#HTGAWM"
"Serie 3",,22/11/15,"LINK",14000,816,1123,,"#HTGAWM"
"Serie 3",,23/11/15,"VIDEO",5700,454,518,93000,"#HTGAWM"
"Serie 3",,24/11/15,"VIDEO",3100,249,290,246000,"#HTGAWM"
"Serie 3",,24/11/15,"FOTO",60000,479,423,,"#AlfredEnoch #AjaNaomiKing #HTGAWM"
"Serie 3",,25/11/15,"VIDEO",1300,59,130,31000,"#HTGAWM"
"Serie 3",,26/11/15,"FOTO",28000,284,245,,"#TGIT #HTGAWM"
"Serie 3",,27/11/15,"LINK",1200,41,36,,"#HTGAWM"
"Serie 3",,29/11/15,"FOTO",54000,826,689,,"#Flaurel #HTGAWM"
"Serie 3",,01/12/15,"FOTO",73000,1086,940,,"#Scandal #HTGAWM"
"Serie 3",,03/12/15,"FOTO",45000,1182,771,,"#HTGAWM"
"Serie 3",,03/12/15,"FOTO",12000,81,82,,"#LizaWeil #TBT #HTGAWM"
"Serie 3",,03/12/15,"LINK",5800,111,158,,"#HTGAWM"
"Serie 3",,04/12/15,"LINK",2500,53,85,,
"Serie 3",,06/12/15,"LINK",11000,74,212,,"#EntertainmentWeekly #TGIT"
"Serie 3",,09/12/15,"FOTO",73000,1871,2171,,"#HTGAWM"
"Serie 3",,09/12/15,"FOTO",31000,478,783,,
"Serie 3",,09/12/15,"FOTO",24000,219,362,,"#HTGAWM"
"Serie 3",,10/12/15,"FOTO",4000,66,159,,"#HTGAWM"
"Serie 3",,10/12/15,"FOTO",18000,279,709,,"#HTGAWM"
"Serie 3",,10/12/15,"FOTO",56000,781,552,,"#SquadGoals #HTGAWM"
"Serie 3",,11/12/15,"FOTO",23000,490,235,,"#HTGAWM"
"Serie 3",,13/12/15,"FOTO",48000,1981,883,,"#CharlieWeber #HTGAWM"
"Serie 3",,14/12/15,"FOTO",17000,230,291,,"#HTGAWM"
"Serie 3",,16/12/15,"FOTO",38000,332,307,,"#HTGAWM"
"Serie 3",,18/12/15,"FOTO",42000,1681,809,,"#HTGAWM #MattMcGorry #CharlieWeber"
"Serie 3",,19/12/15,"FOTO",27000,148,144,,"#HTGAWM #KarlaSouza #AjaKing"
"Serie 3",,22/12/15,"FOTO",32000,410,304,,"#HTGAWM"
"Serie 3",,24/12/15,"LINK",502,33,25,,"#HTGAWM"
"Serie 3",,25/12/15,"VIDEO",15000,253,349,108000,"#TGIT #HTGAWM"
"Serie 3",,25/12/15,"LINK",4800,27,80,,"#HTGAWM"
"Serie 3",,27/12/15,"FOTO",48000,557,420,,"#HTGAWM"
"Serie 3",,31/12/15,"GIF",9200,166,288,,"#HTGAWM"
"Serie 3",,01/01/16,"FOTO",61000,651,906,,"#HTGAWM"
"Serie 3",,03/01/16,"GIF",19000,937,919,,"#HTGAWM"
"Serie 3",,05/01/16,"VIDEO",16000,452,1047,232000,"#HTGAWM"
"Serie 3",,07/01/16,"FOTO",41000,837,631,,"#HTGAWM"
"Serie 3",,08/01/16,"VIDEO",21000,1866,3595,316000,"#TGIT #HTGAWM"
"Serie 3",,09/01/16,"LINK",10000,382,,,
"Serie 3",,10/01/16,"LINK",1200,13,51,,"#HTGAWM"
"Serie 3",,11/01/16,"FOTO",21000,518,1,,"#HTGAWM"
"Serie 3",,11/01/16,"FOTO",32000,391,267,,"#HTGAWM"
"Serie 3",,12/01/16,"FOTO",6400,305,647,,"#TGIT #HTGAWM"
"Serie 3",,13/01/16,"FOTO",40000,963,485,,"#CharlieWeber #HTGAWM"
"Serie 3",,13/01/16,"FOTO",5100,124,199,,"#HTGAWM"
"Serie 3",,14/01/16,"FOTO",38000,558,360,,"#KarlaSouza #AlfredEnoch #HTGAWM"
"Serie 3",,15/01/16,"LINK",1900,92,96,,"#HTGAWM"
"Serie 3",,17/01/16,"FOTO",50000,343,407,,"#HTGAWM"
"Serie 3",,19/01/16,"FOTO",34000,731,1111,,"#TGIT #HTGAWM"
"Serie 3",,21/01/16,"VIDEO",45000,5594,12677,1100000,"#HTGAWM #TGIT #WholsChristophe"
"Serie 3",,24/01/16,"LINK",6800,113,173,,"#HTGAWM"
"Serie 3",,24/01/16,"FOTO",49000,503,438,,"#HTGAWM"
"Serie 3",,25/01/16,"FOTO",1400,22,,,"#PGAAwards"
"Serie 3",,28/02/16,"FOTO",14000,146,248,,"#HTGAWM"
"Serie 3",,28/01/16,"VIDEO",21000,2471,6097,409000,"#TGIT #HTGAWM"
"Serie 3",,30/01/16,"GIF",10000,293,276,,"#WholeSChristophe #HTGAWM"
"Serie 3",,30/01/16,"FOTO",17000,283,505,,"#HTGAWM"
"Serie 3",,31/01/16,"FOTO",121000,1841,4297,,"#SAGAward #HTGAWM"
"Serie 3",,31/01/16,"FOTO",23000,452,328,,"#HTGAWM"
"Serie 3",,02/02/16,"GIF",13000,730,1063,,"#HTGAWM #WholsChristophe #TGIT"
"Serie 3",,04/02/16,"FOTO",17000,598,1557,,"#HTGAWM #WholsChristophe"
"Serie 3",,04/02/16,"VIDEO",57000,3025,9459,1800000,"#HTGAWM"
"Serie 3",,05/02/16,"LINK",9500,156,347,,"#HTGAWM"
"Serie 3",,06/02/16,"VIDEO",50000,5331,23530,1300000,"#TGIT #HTGAWM"
"Serie 3",,06/02/16,"LINK",1900,54,75,,"#HTGAWM"
"Serie 3",,06/02/16,"LINK",1000,33,26,,"#TGIT #HTGAWM"
"Serie 3",,06/02/16,"VIDEO",22000,521,2298,508000,"#TGIT #HTGAWM"
"Serie 3",,07/02/16,"VIDEO",8200,91,380,112000,"#TeamKeating #HTGAWM #TGIT"
"Serie 3",,07/02/16,"VIDEO",33000,2695,5519,767000,"#HTGAWM"
"Serie 3",,08/02/16,"FOTO",23000,454,981,," #HTGAWM #TGIT"
"Serie 3",,09/02/16,"FOTO",19000,241,360,,"#HTGAWM #TGIT"
"Serie 3",,10/02/16,"VIDEO",30000,2121,4489,463000,"#HTGAWM"
"Serie 3",,10/02/16,"FOTO",87000,1483,4096,,"#HTGAWM"
"Serie 3",,10/02/16,"LINK",3300,82,185,,"#HTGAWM"
"Serie 3",,10/02/16,"VIDEO",4400,232,515,35000,"#TGIT #HTGAWM"
"Serie 3",,10/02/16,"FOTO",914,65,49,,"#TGIT #HTGAWM"
"Serie 3","10x2",11/02/16,"VIDEO",49000,2329,10383,1200000,"#HTGAWM"
"Serie 3",,11/02/16,"VIDEO",8200,580,1535,,"#TGIT #HTGAWM"
"Serie 3",,11/02/16,"LINK",3600,77,,,"#TGIT #SCANDAL #HTGAWM"
"Serie 3",,11/02/16,"VIDEO",7500,767,1473,92000,"#TGIT #HTGAWM"
"Serie 3",,11/02/16,"LINK",1200,32,,,"#HTGAWM #AlfredEnoch #TheChew"
"Serie 3",,11/02/16,"LINK",1000,18,,,
"Serie 3",,11/02/16,"VIDEO",1500,126,272,25000,"#TGIT #HTGAWM"
"Serie 3",,12/02/16,"VIDEO",12000,3700,646,982000,"#TGIT #HTGAWM"
"Serie 3",,12/02/16,"FOTO",19000,364,371,,"#HTGAWM"
"Serie 3",,12/02/16,"FOTO",23000,897,421,,"#HTGAWM"
"Serie 3",,12/02/16,"VIDEO",11000,467,599,185000,"#HTGAWM"
"Serie 3",,12/02/16,"LINK",583,26,,,"#TGIT #HTGAWM"
"Serie 3",,13/02/16,"LINK",698,26,51,,
"Serie 3",,13/02/16,"LINK",6800,126,127,,"#ValentinesDay #HTGAWM"
"Serie 3",,13/02/16,"VIDEO",13000,437,808,222000,"#HTGAWM"
"Serie 3",,14/02/16,"VIDEO",1500,66,71,23000,"#HTGAWM"
"Serie 3",,14/02/16,"FOTO",13000,125,285,,"#HTGAWM"
"Serie 3",,14/02/16,"FOTO",1100,26,30,,"#HTGAWM"
"Serie 3",,15/02/16,"VIDEO",18000,1115,1555,455000,"#HTGAWM"
"Serie 3",,15/02/16,"VIDEO",4600,134,209,55000,"#HTGAWM"
"Serie 3",,16/02/16,"LINK",2400,36,50,,"#HTGAWM"
"Serie 3",,17/02/16,"FOTO",16000,278,186,,"#HTGAWM"
"Serie 3",,17/02/16,"VIDEO",9100,168,357,148000,"#HTGAWM"
"Serie 3","11x2",18/02/16,"FOTO",2000,25,39,,"#HTGAWM"
"Serie 3",,18/02/16,"GIF",5100,93,181,,"#NationalDrinkWineDay #HTGAWM #TGIT"
"Serie 3",,18/02/16,"VIDEO",3100,163,494,57000,"#HTGAWM"
"Serie 3",,19/02/16,"FOTO",26000,139,189,,"#HTGAWM"
"Serie 3",,19/02/16,"FOTO",14000,384,212,,"#HTGAWM"
"Serie 3",,19/02/16,"FOTO",10000,139,391,,"#HTGAWM"
"Serie 3",,19/02/16,"FOTO",13000,481,336,,"#HTGAWM"
"Serie 3",,19/02/16,"LINK",568,13,17,10000,"#TGIT #HTGAWM"
"Serie 3",,19/02/16,"VIDEO",15000,914,921,265000,"#HTGAWM"
"Serie 3",,20/02/16,"FOTO",95000,2167,3870,,"#HTGAWM"
"Serie 3",,20/02/16,"VIDEO",14000,195,572,178000,"#HTGAWM"
"Serie 3",,20/02/16,"VIDEO",14000,759,1522,284000,"#HTGAWM"
"Serie 3",,21/02/16,"VIDEO",6300,153,139,143000,"#HTGAWM"
"Serie 3",,21/02/16,"FOTO",1100,23,11,,"#TGIT #Disneyland60"
"Serie 3",,22/02/16,"LINK",1000,34,21,,"#HTGAWM"
"Serie 3",,23/02/16,"FOTO",11000,99,530,,"#HTGAWM"
"Serie 3",,23/02/16,"LINK",1500,34,59,,"#HTGAWM"
"Serie 3",,23/02/16,"FOTO",9700,166,103,,"#HTGAWM"
"Serie 3",,24/02/16,"VIDEO",7500,212,422,166000,"#HTGAWM"
"Serie 3",,24/02/16,"FOTO",13000,284,239,,"#HTGAWM"
"Serie 3",,24/02/16,"FOTO",56000,502,826,,"#TGIT #HTGAWM"
"Serie 3","12x2",25/02/16,"VIDEO",17000,579,1024,240000,"#Keating5 #HTGAWM"
"Serie 3",,25/02/16,"VIDEO",18000,603,1672,1100000,"#TGIT #HTGAWM"
"Serie 3",,25/02/16,"VIDEO",5100,186,384,464000,"#TGIT #HTGAWM"
"Serie 3",,25/02/16,"LINK",856,17,,,
"Serie 3",,26/02/16,"FOTO",1700,52,38,,"#HTGAWM"
"Serie 3",,26/02/16,"VIDEO",1700,174,98,20000,"#HTGAWM"
"Serie 3",,26/02/16,"FOTO",4700,328,206,,"#HTGAWM"
"Serie 3",,26/02/16,"VIDEO",13000,965,855,220000,"#OMG #HTGAWM"
"Serie 3",,26/02/16,"FOTO",9900,88,58,,"#FashionFriday #HTGAWM"
"Serie 3",,27/02/16,"GIF",9600,232,310,,"#HTGAWM"
"Serie 3",,27/02/16,"VIDEO",17000,1583,1497,344000,"#HTGAWM"
"Serie 3",,27/02/16,"VIDEO",11000,269,362,186000,"#HTGAWM"
"Serie 3",,28/02/16,"VIDEO",3500,98,90,48000,"#Coliver #HTGAWM"
"Serie 3",,28/02/16,"FOTO",26000,2794,1059,,"#HTGAWM"
"Serie 3",,28/02/16,"FOTO",13000,85,235,,"#HTGAWM"
"Serie 3",,28/02/16,"VIDEO",722,11,2,,"#Oscars"
"Serie 3",,29/02/16,"FOTO",76000,785,1487,,"#SquadGoals #HTGAWM"
"Serie 3",,29/02/16,"VIDEO",14000,1205,517,205000,"#HTGAWM"
"Serie 3",,01/03/16,"VIDEO",11000,290,390,216000,"#HTGAWM"
"Serie 3",,01/03/16,"GIF",3400,141,90,,"#HTGAWM"
"Serie 3",,02/03/16,"FOTO",13000,296,306,,"#HTGAWM"
"Serie 3",,02/03/16,"LINK",4600,72,71,,"#Keating5 #HTGAWM"
"Serie 3",,02/03/16,"LINK",6800,143,160,,"#HTGAWM"
"Serie 3","13x2",03/03/16,"FOTO",15000,145,248,,"#HTGAWM"
"Serie 3",,03/03/16,"VIDEO",5500,431,576,83000,"#TGIT #HTGAWM"
"Serie 3",,03/03/16,"FOTO",12000,107,157,,"#TGIT #HTGAWM"
"Serie 3",,04/03/16,"FOTO",50000,819,2174,,"#HTGAWM"
"Serie 3",,04/03/16,"VIDEO",8800,205,476,191000,"#HTGAWM"
"Serie 3",,04/03/16,"FOTO",1600,33,24,,"#TGIT #HTGAWM"
"Serie 3",,04/03/16,"GIF",14000,326,517,,"#HTGAWM"
"Serie 3",,04/03/16,"FOTO",16000,426,403,,"#HTGAWM"
"Serie 3",,04/03/16,"LINK",1000,34,39,,"#HTGAWM"
"Serie 3",,04/03/16,"VIDEO",13000,823,749,214000,"#HTGAWM"
"Serie 3",,05/03/16,"VIDEO",14000,595,890,209000,"#HTGAWM"
"Serie 3",,05/03/16,"FOTO",27000,106,102,,"#HTGAWM"
"Serie 3",,06/03/16,"VIDEO",8900,760,1068,117000,"#HTGAWM"
"Serie 3",,06/03/16,"VIDEO",16000,522,1476,212000,"#HTGAWM"
"Serie 3",,06/03/16,"FOTO",6100,131,73,,"#Flaurel #HTGAWM"
"Serie 3",,06/03/16,"VIDEO",5300,102,123,71000,"#HTGAWM"
"Serie 3",,07/03/16,"GIF",8200,908,538,,"#MCM #HTGAWM"
"Serie 3",,07/03/16,"LINK",3400,48,52,,"#HTGAWM"
"Serie 3",,08/03/16,"FOTO",8300,70,100,,"#HTGAWM"
"Serie 3",,08/03/16,"FOTO",37000,169,483,," #HTGAWM #InternationalWomensDay"
"Serie 3",,09/03/16,"VIDEO",11000,246,326,199000,"#Keating #HTGAWM"
"Serie 3",,09/03/16,"LINK",3700,57,79,,"#HTGAWM"
"Serie 3",,09/03/16,"FOTO",1800,42,50,,"#HTGAWM"
"Serie 3","14x2",10/03/16,"GIF",5400,122,127,,"#TGIT #HTGAWM"
"Serie 3",,10/03/16,"VIDEO",4900,446,730,87000,"#TGIT #HTGAWM"
"Serie 3",,10/03/16,"VIDEO",5800,203,226,116000,"#TGIT #HTGAWM"
"Serie 3",,11/03/16,"FOTO",3700,61,50,,"#TGIT #HTGAWM"
"Serie 3",,11/03/16,"FOTO",31000,606,1809,,
"Serie 3",,11/03/16,"FOTO",11000,288,141,,
"Serie 3",,11/03/16,"TESTO",14000,636,466,,"#HTGAWM"
"Serie 3",,11/03/16,"VIDEO",4200,50,82,105000,
"Serie 3",,11/03/16,"FOTO",11000,291,229,,
"Serie 3",,11/03/16,"VIDEO",15000,1787,658,320000,"#HTGAWM"
"Serie 3",,11/03/16,"VIDEO",14000,901,1390,386000,
"Serie 3",,12/03/16,"FOTO",2800,26,18,,"#HTGAWM"
"Serie 3",,12/03/16,"FOTO",14000,126,535,,"#HTGAWM"
"Serie 3",,13/03/16,"VIDEO",11000,292,388,213000,"#HTGAWM"
"Serie 3",,13/03/16,"FOTO",25000,372,1003,,
"Serie 3",,14/03/16,"VIDEO",14000,1155,1791,327000,"#HTGAWM"
"Serie 3",,15/03/16,"LINK",4600,131,115,,"#HTGAWM"
"Serie 3",,15/03/16,"LINK",770,20,26,,"#HTGAWM"
"Serie 3",,15/03/16,"FOTO",6200,99,183,,"#HTGAWM"
"Serie 3",,15/03/16,"VIDEO",7900,357,364,150000,"#HTGAWM"
"Serie 3",,16/03/16,"FOTO",4700,184,230,,"#HTGAWM"
"Serie 3",,16/03/16,"LINK",4300,88,139,,"#HTGAWM"
"Serie 3",,16/03/16,"FOTO",28000,965,1043,,"#HTGAWM"
"Serie 3",,16/03/16,"LINK",5200,140,235,,"#HTGAWM"
"Serie 3","15x2",17/03/16,"VIDEO",4900,315,476,61000,"#HTGAWM"
"Serie 3",,17/03/16,"LINK",5200,220,295,,"#HTGAWM"
"Serie 3",,17/03/16,"VIDEO",5500,225,430,78000,"#HTGAWM"
"Serie 3",,18/03/16,"VIDEO",3900,203,213,34000,"#HTGAWM"
"Serie 3",,18/03/16,"VIDEO",5500,446,285,133000,
"Serie 3",,18/03/16,"VIDEO",14000,1750,3833,320000,"#HTGAWM"
"Serie 3",,18/03/16,"FOTO",4700,136,183,,"#CicelyTyson"
"Serie 3",,18/03/16,"FOTO",29000,1975,1937,,
"Serie 3",,18/03/16,"LINK",61000,1867,2595,,"#HTGAWM"
"Serie 3",,18/03/16,"VIDEO",14000,519,899,226000,"#HTGAWM"
"Serie 3",,18/03/16,"LINK",764,36,31,,"#HTGAWM"
"Serie 3",,18/03/16,"VIDEO",16000,1157,1344,273000,"#HTGAWM"
"Serie 3",,19/03/16,"LINK",4100,144,153,,
"Serie 3",,19/03/16,"VIDEO",13000,348,522,190000,"#HTGAWM"
"Serie 3",,20/03/16,"VIDEO",11000,383,401,184000,"#HTGAWM"
"Serie 3",,20/03/16,"LINK",2500,98,151,,"#HTGAWM"
"Serie 3",,21/03/16,"LINK",5900,65,141,,"#HTGAWM"
"Serie 3",,21/03/16,"FOTO",8400,88,196,,
"Serie 3",,22/03/16,"LINK",282,15,,,"#TheCatch #TGIT"
"Serie 3",,23/03/16,"FOTO",20000,400,385,,"#NationalPuppyDay #HTGAWM"
"Serie 3",,24/03/16,"VIDEO",1500,76,78,43000,"#HTGAWM"
"Serie 3",,25/03/16,"VIDEO",3500,103,88,101000,"#BestOfTGIT #ReadyForAnything"
"Serie 3",,27/03/16,"LINK",447,27,26,,"#HTGAWM"
"Serie 3",,29/03/16,"LINK",1700,31,65,,"#HTGAWM"
"Serie 3",,30/03/16,"FOTO",10000,80,200,,"#HTGAWM"
"Serie 3",,02/04/16,"FOTO",40000,206,325,,"#FlashbackFriday #Keating"
"Serie 3",,04/04/16,"VIDEO",8300,336,298,192000,"#MCM"
"Serie 3",,08/04/16,"VIDEO",2800,36,55,97000,"#BestOfTGIT #ReadyForAnything"
"Serie 3",,09/04/16,"VIDEO",11000,436,511,210000,
"Serie 3",,10/04/16,"FOTO",18000,178,538,,
"Serie 3",,12/04/16,"FOTO",36000,596,259,,
"Serie 3",,14/04/16,"VIDEO",7700,255,147,151000,"#HTGAWM"
"Serie 3",,17/04/16,"FOTO",20000,361,725,,
"Serie 3",,20/04/16,"GIF",5900,105,188,,"#HTGAWM"
"Serie 3",,22/04/16,"GIF",20000,822,3001,,"#HappyFriday"
"Serie 3",,25/04/16,"VIDEO",5300,139,331,115000,"#MondatMotivation"
"Serie 3",,29/04/16,"GIF",4500,66,109,,"#InternationalDancheDaY"
"Serie 3",,01/05/16,"VIDEO",1100,50,27,18000,
"Serie 3",,05/05/16,"FOTO",15000,167,230,,"#ThrowbackThursday"
"Serie 3",,06/05/16,"GIF",5900,129,285,,"#Fridayfeeling"
"Serie 3",,12/05/16,"FOTO",12000,104,1743,,"#WednesdayWisdom"
"Serie 3",,13/05/16,"GIF",3300,43,79,,
"Serie 3",,14/05/16,"VIDEO",13000,223,436,215000,
"Serie 3",,20/05/16,"VIDEO",28000,698,1601,340000,"#TBT #Keating5"
"Serie 3",,20/05/16,"VIDEO",3900,79,90,91000,"#BestOfTGIT #ReadyForAnything"
"Serie 3",,22/05/16,"VIDEO",6200,180,230,122000,"#HTGAWM"
"Serie 3",,25/05/16,"GIF",3200,29,49,,"#Keating5 #NationalwineDay"
"Serie 3",,26/05/16,"VIDEO",9700,242,448,158000,"#TBT"
"Serie 4",,17/11/15,"FOTO",388,50,58,,"#TheCatch"
"Serie 4",,03/02/16,"LINK",740,61,112,,"#TheCatch"
"Serie 4",,05/02/16,"FOTO",666,42,71,,"#TheCatch"
"Serie 4",,07/02/16,"FOTO",325,7,18,,"#TheCatch"
"Serie 4",,08/02/16,"FOTO",85,3,5,,"#TheCatch"
"Serie 4",,20/02/16,"FOTO",327,13,15,,"#TheCatch"
"Serie 4",,23/02/16,"FOTO",303,12,12,,"#TheCatch"
"Serie 4",,24/02/16,"VIDEO",159,7,27,2600,"#TheCatch"
"Serie 4",,28/02/16,"FOTO",180,6,18,,"#TheCatch #Oscars"
"Serie 4",,29/02/16,"VIDEO",977,85,164,288000,"#TheCatch"
"Serie 4",,01/03/16,"FOTO",165,,5,,"#TheCatch"
"Serie 4",,08/03/16,"LINK",255,18,28,,"#TheCatch"
"Serie 4",,09/03/16,"VIDEO",248,12,34,45000,"#TheCatch"
"Serie 4",,10/03/16,"VIDEO",2400,89,486,896000,"#TheCatch"
"Serie 4",,11/03/16,"LINK",494,22,76,,
"Serie 4",,12/03/16,"VIDEO",255,16,33,7000,
"Serie 4",,13/03/16,"FOTO",188,10,18,,"#TheCatch"
"Serie 4",,15/03/16,"VIDEO",94,2,5,2000,
"Serie 4",,16/03/16,"LINK",486,12,46,,
"Serie 4",,17/03/16,"VIDEO",436,4,40,4100,"#TGIT #TheCatch"
"Serie 4",,18/03/16,"FOTO",88,1,4,,"#TheCatch"
"Serie 4",,19/03/16,"VIDEO",383,20,56,4700,"#TGIT #TheCatch"
"Serie 4",,20/03/16,"VIDEO",151,5,18,2000,
"Serie 4",,21/03/16,"VIDEO",196,7,33,4200,
"Serie 4",,21/03/16,"FOTO",120,8,13,,"#TheCatch #TGIT #ShondalandRevealed"
"Serie 4",,21/03/16,"VIDEO",137,6,17,3300,"#TheCatch "
"Serie 4",,22/03/16,"FOTO",103,5,35,,"#TheCatch"
"Serie 4",,22/03/16,"VIDEO",167,12,32,143000,
"Serie 4",,22/03/16,"VIDEO",91,7,27,87000,"#TheCatch"
"Serie 4",,23/03/16,"FOTO",155,13,19,,"#TheCatch"
"Serie 4",,23/03/16,"LINK",776,28,72,,"#TGIT "
"Serie 4",,23/03/16,"VIDEO",221,12,25,2200,"#TheCatch"
"Serie 4","1x1",24/03/16,"FOTO",134,9,14,,"#TheCatch"
"Serie 4",,24/03/16,"FOTO",176,17,23,,"#TheCatch"
"Serie 4",,25/03/16,"FOTO",362,55,18,,"#TheCatch"
"Serie 4",,25/03/16,"VIDEO",563,45,25,11000,
"Serie 4",,25/03/16,"VIDEO",894,71,43,12000,
"Serie 4",,25/03/16,"FOTO",1800,125,59,,
"Serie 4",,25/03/16,"VIDEO",748,86,51,13000,
"Serie 4",,25/03/16,"LINK",426,80,63,,"#TheCatch"
"Serie 4",,26/03/16,"VIDEO",1400,68,69,19000,
"Serie 4",,27/03/16,"VIDEO",390,20,30,4800,
"Serie 4",,27/03/16,"LINK",2900,138,127,,
"Serie 4",,28/03/16,"FOTO",24,39,568,,
"Serie 4",,29/03/16,"LINK",1600,78,58,,
"Serie 4",,29/03/16,"LINK",162,4,4,,
"Serie 4",,30/03/16,"FOTO",2300,83,40,,
"Serie 4",,30/03/16,"VIDEO",1100,35,98,12000,"#TheCatch"
"Serie 4",,30/03/16,"VIDEO",773,38,40,13000,"#TheCatch"
"Serie 4","2x1",31/03/16,"LINK",294,17,39,,"#TGIT #TheCatch"
"Serie 4",,31/03/16,"GIF",417,15,50,,"#TheCatch"
"Serie 4",,31/03/16,"FOTO",525,39,71,,"#TheCatch"
"Serie 4",,01/04/16,"FOTO",923,38,42,,
"Serie 4",,01/04/16,"FOTO",1000,40,21,,
"Serie 4",,01/04/16,"FOTO",903,27,21,,
"Serie 4",,01/04/16,"FOTO",1600,43,43,,
"Serie 4",,01/04/16,"VIDEO",899,27,21,11000,
"Serie 4",,01/04/16,"LINK",1100,41,41,,"#TheCatch"
"Serie 4",,02/04/16,"LINK",773,26,32,,"#TheCatch"
"Serie 4",,03/04/16,"GIF",366,19,14,,
"Serie 4",,03/04/16,"VIDEO",394,18,13,4700,
"Serie 4",,04/04/16,"VIDEO",436,7,34,4900,
"Serie 4",,05/04/16,"LINK",402,16,12,,
"Serie 4",,05/04/16,"FOTO",3000,65,57,,
"Serie 4",,06/04/16,"LINK",455,17,25,,"#TheCatch"
"Serie 4",,06/04/16,"LINK",906,13,31,,
"Serie 4","3x1",07/04/16,"VIDEO",907,14,32,13000,
"Serie 4",,08/04/16,"FOTO",801,19,18,,
"Serie 4",,08/04/16,"FOTO",2100,86,82,,
"Serie 4",,08/04/16,"VIDEO",1800,88,84,24000,
"Serie 4",,08/04/16,"LINK",395,18,19,,"#TheCatch"
"Serie 4",,09/04/16,"FOTO",664,11,50,,
"Serie 4",,09/04/16,"VIDEO",2200,72,106,24000,
"Serie 4",,10/04/16,"VIDEO",685,28,14,11000,
"Serie 4",,11/04/16,"VIDEO",850,25,18,9400,
"Serie 4",,12/04/16,"FOTO",1500,44,24,,
"Serie 4",,12/04/16,"LINK",220,3,5,,
"Serie 4",,13/04/16,"VIDEO",849,18,29,13000,
"Serie 4","4x1",14/04/16,"LINK",696,29,43,,"#TheCatch"
"Serie 4",,14/04/16,"VIDEO",1000,45,98,11000,"#TheCatch"
"Serie 4",,14/04/16,"LINK",1000,45,50,,
"Serie 4",,15/04/16,"FOTO",2400,113,60,,
"Serie 4",,15/04/16,"VIDEO",278,40,13,6400,
"Serie 4",,15/04/16,"LINK",370,35,19,,
"Serie 4",,16/04/16,"LINK",594,25,19,,
"Serie 4",,17/04/16,"VIDEO",1400,46,42,19000,
"Serie 4",,17/04/16,"FOTO",1900,34,40,,
"Serie 4",,18/04/16,"VIDEO",876,19,15,10000,
"Serie 4",,18/04/16,"VIDEO",2600,110,129,31000,
"Serie 4",,19/04/16,"LINK",909,27,23,,
"Serie 4",,20/04/16,"FOTO",610,21,28,,
"Serie 4","5x1",21/04/16,"VIDEO",681,40,64,6400,"#TheCatch"
"Serie 4",,21/04/16,"VIDEO",1000,20,32,13000,"#TheCatch"
"Serie 4",,22/04/16,"VIDEO",473,7,2,6500,
"Serie 4",,22/04/16,"VIDEO",902,35,15,10000,
"Serie 4",,22/04/16,"GIF",1400,64,46,,
"Serie 4",,22/04/16,"VIDEO",1500,69,54,14000,
"Serie 4",,22/04/16,"LINK",334,33,13,,"#TheCatch"
"Serie 4",,23/04/16,"VIDEO",799,44,51,7500,
"Serie 4",,24/04/16,"VIDEO",3000,139,136,39000,
"Serie 4",,25/04/16,"VIDEO",1200,27,27,13000,
"Serie 4",,26/04/16,"LINK",494,15,20,,
"Serie 4",,27/04/16,"LINK",1200,49,34,,
"Serie 4",,27/04/16,"FOTO",1300,79,44,,"#TheCatch"
"Serie 4","6x1",28/04/16,"VIDEO",1400,46,65,14000,
"Serie 4",,29/04/16,"VIDEO",597,12,47,6600,
"Serie 4",,29/04/16,"VIDEO",417,11,17,3800,
"Serie 4",,29/04/16,"GIF",633,30,5,,
"Serie 4",,29/04/16,"VIDEO",868,57,34,12000,
"Serie 4",,29/04/16,"VIDEO",1800,89,41,26000,
"Serie 4",,29/04/16,"LINK",224,21,15,,
"Serie 4",,30/04/16,"VIDEO",629,25,46,8000,
"Serie 4",,01/05/16,"VIDEO",1500,51,59,16000,
"Serie 4",,02/05/16,"VIDEO",1100,26,26,12000,
"Serie 4",,03/05/16,"VIDEO",321,9,12,3000,
"Serie 4",,04/05/16,"LINK",363,7,16,,
"Serie 4","7x1 ",05/05/16,"LINK",1100,17,26,,
"Serie 4",,06/05/16,"VIDEO",449,25,29,5000,
"Serie 4",,06/05/16,"VIDEO",978,30,36,9600,
"Serie 4",,06/05/16,"FOTO",1500,111,30,,
"Serie 4",,06/05/16,"VIDEO",1300,59,49,15000,
"Serie 4",,06/05/16,"LINK",279,17,16,,
"Serie 4",,07/05/16,"VIDEO",1100,41,66,10000,
"Serie 4",,08/05/16,"VIDEO",838,24,25,15000,
"Serie 4",,09/05/16,"VIDEO",1400,35,44,13000,
"Serie 4",,10/05/16,"LINK",1100,50,36,,
"Serie 4",,10/05/16,"VIDEO",980,17,31,19000,
"Serie 4",,11/05/16,"LINK",380,12,26,,
"Serie 4","8x1",12/05/16,"VIDEO",1400,37,49,17000,
"Serie 4",,13/05/16,"FOTO",10000,697,720,,
"Serie 4",,13/05/16,"VIDEO",1200,35,31,11000,
"Serie 4",,13/05/16,"VIDEO",802,19,27,11000,
"Serie 4",,13/05/16,"FOTO",932,26,4,,"#TheCatch"
"Serie 4",,13/05/16,"VIDEO",2000,88,132,26000,
"Serie 4",,13/05/16,"LINK",477,27,2,,
"Serie 4",,14/05/16,"FOTO",1800,80,19,,
"Serie 4",,14/05/16,"VIDEO",1800,89,130,26000,
"Serie 4",,15/05/16,"VIDEO",1000,37,34,11000,
"Serie 4",,16/05/16,"VIDEO",1200,27,32,12000,
"Serie 4",,17/05/16,"VIDEO",1100,14,42,13000,
"Serie 4",,18/05/16,"VIDEO",3000,90,181,247000,"#TheCatch"
"Serie 4",,18/05/16,"VIDEO",1800,57,146,125000,"#TheCatch"
"Serie 4",,18/05/16,"VIDEO",2000,59,86,26000,
"Serie 4","9x1 10x1 ",19/05/16,"LINK",574,14,29,,"#TheCatch"
"Serie 4",,19/05/16,"VIDEO",1200,18,46,12000,
"Serie 4",,19/05/16,"VIDEO",5600,208,371,1200000,"#TheCatch"
"Serie 4",,19/05/16,"VIDEO",1300,36,58,10000,
"Serie 4",,20/05/16,"VIDEO",1500,53,73,18000,
"Serie 4",,20/05/16,"FOTO",868,87,29,,
"Serie 4",,20/05/16,"VIDEO",4300,299,299,58000,
"Serie 4",,21/05/16,"VIDEO",2600,142,91,23000,
"Serie 4",,22/05/16,"LINK",1500,108,45,,
